configuration,file_name,source_rows,retained_rows,C_X_body_median,C_X_body_p05,C_X_body_p95,C_Y_body_median,C_Y_body_p05,C_Y_body_p95,C_Z_body_median,C_Z_body_p05,C_Z_body_p95,C_D_drag_median,C_D_drag_p05,C_D_drag_p95,C_Y_wind_median,C_Y_wind_p05,C_Y_wind_p95,C_L_lift_median,C_L_lift_p05,C_L_lift_p95,C_l_roll_median,C_l_roll_p05,C_l_roll_p95,C_m_pitch_median,C_m_pitch_p05,C_m_pitch_p95,C_n_yaw_median,C_n_yaw_p05,C_n_yaw_p95
clean,lat_121_01_15_ID_1.csv,289,285,-0.03559219080987096,-0.04163388167803394,-0.02223324871990721,0.0018321864893804888,-0.011002640566231237,0.012832341833747726,-0.2512842758248301,-0.3226105510281713,-0.16744394619656022,0.03959392382754176,0.023671199309691433,0.048840346889120624,0.0003238296726498155,-0.012601316127330234,0.010445145147849066,0.2508716713490876,0.16721035328789305,0.3217664656572824,0.000719031577476332,-0.001935110950728579,0.003699705617835993,0.0001670925162014701,-0.004245499411478333,0.004216083468079317,-3.692676225663062e-05,-0.000601631894325871,0.0007318206105671423
clean,lat_121_01_15_ID_2.csv,353,349,-0.04592944065471462,-0.052654633295215116,-0.03806824480462793,-0.000634645452128902,-0.010012773843488657,0.008866011566426137,-0.2662652610294143,-0.31222515774844467,-0.21763232189946935,0.052343212417289585,0.041781981968470217,0.05730356664839567,-0.003637572909660725,-0.012152361194304517,0.00602722515335293,0.2648824489410456,0.2171953893525138,0.311475785869849,0.0010506272705674297,-0.0008615769992775177,0.00306552789541935,2.0438077902007205e-05,-0.0025916995960112406,0.0027573468876716124,-4.79879795867557e-06,-0.0005390966850994641,0.0005578120231024313
clean,lat_121_01_15_ID_3.csv,318,314,-0.03578650747207091,-0.04283829938700917,-0.02161081134227119,0.0015513363406006535,-0.009684757340370404,0.0121074271159315,-0.2490469717424735,-0.327099813658945,-0.17688531483087205,0.03786292153795803,0.021404696421806618,0.052057521670216836,0.00018041838751623222,-0.010301771106515487,0.010619796766876704,0.24913868951672202,0.17706687101065616,0.32557773757845593,0.0008559526229624655,-0.0009623147804665685,0.002748412747913881,4.280716588096975e-05,-0.0037876563410031774,0.004286408073179536,-2.0387010656981672e-05,-0.0006181003715961756,0.0007084306903299368
clean,lat_121_05_8_ID_1.csv,355,351,-0.03623300525523156,-0.046654393217893705,-0.02667011137769988,0.00040337949626953376,-0.014855977728278095,0.023992552625983557,-0.2521853890739882,-0.34414168436889925,-0.18146406148114683,0.03962746016299398,0.025093600969655634,0.054844772227355565,0.00037033863340686613,-0.014689759812416946,0.02209821825801171,0.2525268749738054,0.1821658103178091,0.3442667801149775,0.0009057713025448095,-0.003275665122269458,0.005115951073889936,0.00024450889317379783,-0.005456266119875959,0.005507352810043424,4.4007775227901574e-05,-0.0013175544087074488,0.0008819165217656967
clean,lat_121_05_8_ID_2.csv,439,435,-0.04102130050337577,-0.0479691941997506,-0.03407260514139496,0.0006144096251038054,-0.01897915624917873,0.02189533510953686,-0.25819814393898816,-0.33840221199284004,-0.179540231232862,0.04436697386119175,0.03508419867669083,0.05217182742777739,0.0008934305549875154,-0.015375516668011766,0.019404225232806396,0.25810477654385916,0.1793770574671448,0.33823392779326716,0.000979735616872152,-0.002051386335175688,0.00442512844269074,2.189569405302492e-05,-0.00492330630159282,0.005316682092015395,3.63745424123641e-05,-0.0010192154143100253,0.001246363626978402
clean,lat_121_05_8_ID_3.csv,304,300,-0.03499102322506839,-0.04036195576734485,-0.030753377705512862,0.0007596448175936229,-0.018344980711600754,0.028760129004285734,-0.24918428406117332,-0.31160324050699484,-0.18596527928155016,0.03810199600367109,0.0312482514190925,0.045245780892019485,-0.0005965669311246755,-0.01880406703786186,0.024668381538610226,0.24928289224879863,0.18542401077591908,0.31123914206687986,0.0009518030619995855,-0.003004099030777218,0.005181067483765663,5.939958241585203e-05,-0.003578440204519762,0.004307422552890304,-5.132090698694566e-06,-0.0015252891993462157,0.0013404668249713057
clean,lat_db_01_15_ID_1.csv,354,350,-0.03465477707829206,-0.04200795462813067,-0.02713439148696751,0.0012602526653658387,-0.00935117438177971,0.011909350373241059,-0.24199012366881176,-0.3083633165022792,-0.15503349964362134,0.03746738688378015,0.028161056959086574,0.047358417104305675,0.0007201310851428437,-0.009832861695771338,0.010434546656342952,0.24158280168223079,0.1551846853464902,0.30783013315543056,0.0008321302435251401,-0.0013830042443250018,0.0028288596005334957,-1.9033600536570893e-05,-0.004840461915039854,0.004527104303746399,-5.276062392802082e-06,-0.0006607020648243581,0.0006142836665405165
clean,lat_db_01_15_ID_2.csv,393,389,-0.042479788941431174,-0.05608897759390566,-0.03434894734303959,0.000838351221669951,-0.012777376375589596,0.014210654084643594,-0.25390963434274394,-0.32870235341137805,-0.17835838168552606,0.04953626680904442,0.03520557966546551,0.0660951701794657,0.0007379132095274608,-0.012033469284647014,0.012996361969269813,0.25326698582630486,0.17900570364644344,0.3262234676718164,0.000993376530574362,-0.0017557825187831224,0.004084376792130158,-5.591345424869903e-05,-0.005083273018381764,0.0047781916442415275,-2.8142725375867458e-05,-0.0007893949229612181,0.0008929873300652809
clean,lat_db_01_15_ID_3.csv,321,317,-0.034634063612590256,-0.04830739360907073,-0.024988493086561776,0.000804799298123471,-0.012457290840425442,0.01489561922519027,-0.238936645090167,-0.31870468322162754,-0.14817676361439705,0.03896664994781695,0.027678755721553025,0.0522560825556856,-0.00010475103233807522,-0.012870668846024958,0.013472959861360125,0.2388982742070606,0.14796643505590543,0.3175373811056545,0.0008268001419135982,-0.002198706108734582,0.003924839217924088,0.00010790579990015446,-0.005174383416071765,0.005589404604603436,1.222229358187214e-05,-0.0007463992761791135,0.0006588639832330044
clean,lat_db_06_8_ID_1.csv,377,373,-0.0391879063263816,-0.044861283418721504,-0.03066086059281425,-0.000498271212778215,-0.013677444782632771,0.014560944934813518,-0.2177685211362407,-0.28675407784289286,-0.1570078043185381,0.04209341249025983,0.035296894685146324,0.04989045834949133,-0.0017229182654025373,-0.013637543213734112,0.011982619966046512,0.21721395389653492,0.15687884871803207,0.28612050218551766,0.0009774579678398542,-0.0010333552957424454,0.003302530131785368,-1.1098715328902964e-06,-0.004135118754582337,0.0038154458228809307,-9.487652884475955e-06,-0.0008822427861734092,0.0007374447798275869
clean,lat_db_06_8_ID_2.csv,280,276,-0.03406226031268518,-0.03917676667993979,-0.026759217489591383,0.0005782829336635376,-0.01936658537509528,0.021620161665625824,-0.22733616205216947,-0.30118645983313386,-0.16218158055028614,0.0400816381052129,0.03125033443591884,0.04757230905670583,-0.00026882791408850326,-0.01994637822739376,0.01779503936437356,0.22642330033737423,0.16315515136535627,0.2995506444579131,0.000958419883362879,-0.0027793637667408227,0.004713324142857837,-0.00011953398141841524,-0.0040987688736217245,0.004370698047613871,2.0357658710555335e-05,-0.0013478756138667418,0.0009152674030082398
clean,lat_db_06_8_ID_3.csv,334,330,-0.04025092385106006,-0.050025063809792505,-0.0302022050479116,-0.000810550375001342,-0.013480781146422628,0.013968029970024106,-0.25188273427757485,-0.32235468544973156,-0.18197347698575833,0.0456944256533224,0.031576491430618574,0.05498767312137532,-0.0024117152503376343,-0.014023212572722637,0.011914305635247001,0.2508291894827395,0.18181953782189952,0.3209301773472052,0.001029697762007599,-0.0024089643819914363,0.004274324159270676,-1.3007771878804326e-05,-0.004225169110290364,0.0046859137582561635,-1.5403197377308015e-05,-0.0009459129715977748,0.0008968034638221097
clean,lat_db_30_5_ID_1.csv,632,628,-0.0386431166026447,-0.04989428914850556,-0.028221672382019915,0.0008031016429871612,-0.009125411293395596,0.014758663242210552,-0.2527253673804065,-0.316930763739028,-0.18726081225383967,0.04641748653604162,0.03194243934458866,0.05791183847206802,0.00024028109396618418,-0.00986738824028753,0.01229072708879365,0.25177511509151884,0.1859760851472899,0.31603983317106105,0.001013202570316004,-0.0010616686822072466,0.0031302577882066527,-1.3746782344621807e-05,-0.0033518469212163744,0.0036761265844161978,-1.219265093916689e-05,-0.0008661673093625472,0.0006256271041768604
clean,lat_db_30_5_ID_2.csv,569,565,-0.04302129017405316,-0.050425009896466214,-0.03248830863992378,0.0005406951145165297,-0.014738750103302722,0.015940383606785048,-0.2560423620885994,-0.3319783058576705,-0.1859916612921903,0.0511561433999557,0.03771957171389439,0.06082408514400374,-0.0010995507343079,-0.01592562607177616,0.01299317229095839,0.2545631690157013,0.18515926235224436,0.3306463769763101,0.0011344576124468534,-0.0014254460168587673,0.003823772379366417,-2.957572958606631e-05,-0.003904639631937582,0.004316655899299749,-5.6207909347579515e-05,-0.0008045509465995452,0.0007944771095622229
clean,lat_db_30_5_ID_3.csv,654,650,-0.04068519697905977,-0.0501514089637594,-0.029475722051050483,0.0008457227625607881,-0.010125659095620333,0.015006519103540499,-0.2530282928891511,-0.326285618512437,-0.19137798881618673,0.044649718819669226,0.03188774670345157,0.05733498453991138,0.000511213137295862,-0.010530594091436526,0.01264523009428233,0.2523245992615686,0.19122644954056112,0.32513349926244234,0.0010896896883533683,-0.0011498562085254275,0.0029415323466297654,9.57034738970675e-05,-0.003507264362135951,0.003351499741641615,2.076484898224865e-06,-0.000715387520339232,0.0005318991611683573
clean,lon_3211_02_12_ID_1.csv,348,344,-0.03835452982713042,-0.04552382042232962,-0.0009497915446454916,0.0017730565774860107,-0.006858270020418623,0.010846663309728772,-0.2546521922809612,-0.4859225090404466,-0.14351926433561568,0.04383014774767539,0.038130311016098074,0.06259167531159979,-0.0004999816650409382,-0.008627049258247704,0.00969634214710955,0.25421016465956875,0.1425652152028227,0.484910908953134,0.000931917050728758,-0.0005464212866957914,0.0033476299258619383,6.174742756040469e-05,-0.00773890109007422,0.008235134889300848,-2.1527333423146656e-05,-0.0006930809378799805,0.0006020956118618838
clean,lon_3211_02_12_ID_2.csv,413,409,-0.03611868464858381,-0.04561031685669958,-0.026846689691759913,0.00012652519944439782,-0.006869002736287452,0.010394905488305992,-0.23618868752549554,-0.38282055191550113,-0.1724490569009562,0.04252035633685455,0.03382297876995078,0.06440600013062073,0.0005460008320546885,-0.005851521527570006,0.010411731831717286,0.2350987522875868,0.17194493828518725,0.3803871864549999,0.0009680353666100456,-0.0005173196302978997,0.0030850525973264028,3.5205713168610576e-06,-0.0056686316756081635,0.00657054104993047,2.0136577651295126e-05,-0.0007003161429488952,0.0004909756297609448
clean,lon_3211_02_12_ID_3.csv,318,314,-0.03825325704196923,-0.04789998298684933,0.0012884796243313047,0.000979431113216769,-0.007609891784750791,0.009680337998215887,-0.24979420726861945,-0.45114348727289955,-0.1413612442841501,0.045790883959708775,0.029340019073375852,0.0628332568275187,-0.0017099855557100507,-0.009604363177508445,0.0068872870994927185,0.24926286258187197,0.1402790355538268,0.4486344247594086,0.0011046457430306696,-0.0005901267416871184,0.0022550365706202743,-1.5421296789002307e-05,-0.011727801364761627,0.011758829444509093,-3.910925251049502e-05,-0.0005332646881263274,0.0004278765937167213
clean,lon_3211_15_6_ID_1.csv,569,565,-0.03882914309441476,-0.04770161359231708,-0.029341447820446752,5.086559320561329e-05,-0.00551307091313793,0.006943297738436902,-0.24770840305363037,-0.3527906107230727,-0.1695515069845124,0.04423276809581911,0.03688426537035661,0.055314643441630784,-0.0022967845448078846,-0.0076446589039423935,0.004169202846921006,0.24687916368351726,0.16910843107423051,0.3508948102993217,0.0010494879367500612,0.00022762846735401826,0.0020098822337065486,5.628836795950494e-06,-0.004185364542708277,0.004884432571102157,-5.904653588535334e-06,-0.00027753775736542494,0.0002419845239594589
clean,lon_3211_15_6_ID_2.csv,699,695,-0.03724778970864818,-0.043346390585412786,-0.027804558668934904,0.0006180511626628308,-0.003887070272544914,0.006024579823521798,-0.24907734613264254,-0.3320681903317047,-0.18640614964052765,0.04181977502699545,0.03628196288462502,0.05567266527067676,0.0002551760018567515,-0.004216563965397338,0.004864339854680277,0.24820661933656482,0.185623993002227,0.32983040805780056,0.0010072286848643842,9.894477154720672e-05,0.001889453063314284,5.9954806322015554e-05,-0.003754631839109305,0.0037434299165895694,-2.1752271322538253e-05,-0.00025603168590512045,0.00029129217008977106
clean,lon_3211_15_6_ID_3.csv,572,568,-0.03927732372586332,-0.04681105522365759,-0.030123088260201093,-0.00014732506322763034,-0.005772574741923971,0.006884887933281562,-0.25182297381834207,-0.3501141225826462,-0.17432328218996507,0.04498915499081497,0.03742606744954253,0.06202019705081568,-0.0021726325735569717,-0.007684352305891149,0.004147439008518923,0.2512443243872804,0.1740990724807744,0.3474829170341742,0.0010449879954873243,9.896875604508695e-05,0.002062331123524634,1.6293021359971946e-05,-0.004759541041745443,0.004253507334995448,-1.131344197534423e-06,-0.00035558251270383914,0.0003228673531955194
clean,lon_db_03_12_ID_1.csv,332,328,-0.03789522902963205,-0.04551537087384601,-0.02797386358668893,0.001567682846364845,-0.005914508797508032,0.008476215265604093,-0.2568812290872119,-0.3401472719380871,-0.2155682302619068,0.04327306360829522,0.032516976813962914,0.052810784771090705,-0.0004072443365861133,-0.00739179131212144,0.006313897899334673,0.2565983650449121,0.21530762848092017,0.3392736406916165,0.001007781304581763,-0.0004374453756285845,0.002146127942793146,8.75754300831504e-05,-0.0036633048620610216,0.0041499649691769044,-2.7130538712617896e-05,-0.00038665530101356907,0.0004124888843836706
clean,lon_db_03_12_ID_2.csv,412,408,-0.03737220101015745,-0.041399392578157806,-0.03260536955724983,0.0007854184589912089,-0.005217682613658637,0.006220207327922438,-0.24446918711442084,-0.2948098491814988,-0.20950615506601486,0.04207568307154613,0.0390411217297354,0.04703050599631854,0.0006040967305166675,-0.005662781758940908,0.005203556074224284,0.24355659960936785,0.20878760943981278,0.2939539931031855,0.0009939794969968676,2.9638466349454987e-05,0.002046465187598931,1.4494730423998978e-05,-0.002226202648573486,0.0021998887184715996,-8.92696514244348e-06,-0.00025263678297169533,0.00026719543679697285
clean,lon_db_03_12_ID_3.csv,333,329,-0.03784831975696713,-0.044850901180001304,-0.028039245239293673,0.00040220325084169964,-0.005783785342351176,0.007722600079835236,-0.250552141936085,-0.3381989202374871,-0.1942580115784553,0.04348404289797069,0.036499812802111564,0.05969197235527475,-0.0014406105015678074,-0.007596664218190387,0.00539032994235053,0.24949931794268534,0.1939453965149447,0.33659279647027573,0.0010871410657514102,0.0002843138071876573,0.0018000454099573711,5.264811090669792e-05,-0.00319081950291152,0.004197030275227379,-7.538910327926194e-06,-0.0002813696506140014,0.00021749746983615174
clean,lon_db_23_6_ID_1.csv,469,465,-0.039844364761285896,-0.04811842071982424,-0.028899542269074367,0.0007342144185334516,-0.006390933944886414,0.008113290907523264,-0.25649922546279247,-0.33718850411412116,-0.18768533937600868,0.04553263303208531,0.03358158483012318,0.05527243903144157,-0.00018099697329676805,-0.006727972801213264,0.006343261304315683,0.25597903915029874,0.1884235718289734,0.3350376575557368,0.0009090070904480193,-0.00034016323807952467,0.0026202945957294454,-8.381999425589401e-05,-0.004524544722146537,0.004631916007074399,9.075208132407664e-06,-0.0004096357181938046,0.0004426621919022439
clean,lon_db_23_6_ID_2.csv,522,518,-0.038387175930079606,-0.04531145274014526,-0.029226573557532696,3.135158424512219e-05,-0.008974591209798714,0.00855077949605251,-0.2565271294155315,-0.3273943150833677,-0.19443350680723082,0.03984492384095016,0.03350145129985158,0.04763147895521814,-0.0016153089175856192,-0.011119754960498216,0.006849109801587895,0.2563866670429097,0.1947511798455821,0.3266000450878179,0.0009569713676911823,-0.0005633085442727211,0.0025793152951812124,-0.00011920201147912085,-0.0036100472395671703,0.0035861970594530043,-1.9030468640766295e-05,-0.0004517444085282012,0.00048704542335234447
clean,lon_db_23_6_ID_3.csv,695,691,-0.04020041902311967,-0.048816179744084566,-0.03340362038208674,0.0007306968279283967,-0.006424251163569222,0.008113315982387183,-0.2540009417406903,-0.32401766150274663,-0.19426362132550862,0.043772293789932026,0.036069683756580886,0.05543202827273867,-0.000552795721986585,-0.007307063033060727,0.0062446105043000655,0.2534564169214218,0.19407817724717707,0.3226987624799764,0.001025067199023343,-0.0003544067158567844,0.002611983789695631,1.568649046049382e-05,-0.0037149516541533055,0.003771949816481053,-2.8739503532647166e-06,-0.0004307806853153847,0.0003821204081345228
iced,lat_121_01_15_ID_1.csv,279,275,-0.04607247220718079,-0.056620650017321854,-0.033461338583876815,0.000724325755577674,-0.008740605163668936,0.013036839140845913,-0.2807950702124026,-0.3603587180788816,-0.22364854706495885,0.050287756202426086,0.040549048654710894,0.06016322149247571,0.0012783216189415632,-0.008341237296020177,0.012561148567715077,0.2796026844017247,0.22317814276290796,0.3610453199851434,0.0010574026441680972,-0.0016382677012269308,0.003467630139478846,-3.496664942519663e-05,-0.00306022753321457,0.0026812175305997773,-2.73743113162611e-05,-0.0006067891542487028,0.0006499229364274967
iced,lat_121_01_15_ID_2.csv,365,361,-0.04757384853487336,-0.05642316096375718,-0.03548907413008005,-0.0005113849088064649,-0.013204389087419893,0.012748873624941977,-0.29728483555918633,-0.3717965172416632,-0.22065707037759796,0.053748250133088885,0.045666311788961765,0.0620549306146079,-0.001529435881034264,-0.013536849762657193,0.010320938397249358,0.2958186453130012,0.22002274127908744,0.37116821872806344,0.001077193476927832,-0.002319293379538535,0.004705365619480395,5.2904944445559126e-05,-0.003178417581466608,0.003034162114899745,-5.220298168850429e-07,-0.0008687806450183449,0.0009912551298419648
iced,lat_121_01_15_ID_3.csv,287,283,-0.04576539508947538,-0.05547052410292158,-0.037685143034480506,0.0011981833634917248,-0.00990947346963936,0.01156325309915059,-0.28736308713566544,-0.36087140465309053,-0.21940491792044864,0.05322092122640841,0.0381970084340792,0.06825534617772265,-0.001696912054520145,-0.013233990715607945,0.00691161768296833,0.2865872485116597,0.21836100469149103,0.3592160788532542,0.0011198317677427318,-0.002078513061974096,0.004566669969156066,1.81091328829644e-05,-0.002768038482241655,0.002754298615184077,-2.6735837774641473e-05,-0.0007815531769435471,0.0008304813284090376
iced,lat_121_05_8_ID_1.csv,305,301,-0.04449735671334233,-0.052656313065843514,-0.037234777223587145,0.0010093606865379915,-0.018416961536736266,0.02780876466318669,-0.2877025161786374,-0.34761858289623593,-0.2306783114025669,0.053183196566942294,0.04416710996555792,0.06016489858941217,-0.0011612951463063608,-0.01737394438602249,0.02570562896191468,0.28587669337214056,0.2303776251211406,0.34716085003159547,0.0009772501108438717,-0.006144410981440041,0.006847771002744719,1.8779562583326412e-05,-0.00249929039532653,0.003323646563722097,1.845192009633007e-05,-0.001505188666218166,0.0016493224454552243
iced,lat_121_05_8_ID_2.csv,473,469,-0.03745056944386944,-0.045930723845058356,-0.030937680269890563,0.0014918864494809475,-0.01170274174204081,0.011815753406540504,-0.26850730916920523,-0.3287622558473209,-0.2219509180945722,0.04021454391106398,0.02854940279935833,0.053758652325412826,0.0012306174223605997,-0.012417065070510158,0.01048198292850976,0.26849720414253003,0.22187174013845895,0.32718334996219023,0.000837689069089237,-0.0023745739917521167,0.003995702371647203,-3.9896127325972945e-06,-0.002507329544911048,0.0023894847370965373,1.7874758592235732e-05,-0.0007118159129226387,0.0011796644552214024
iced,lat_121_05_8_ID_3.csv,334,330,-0.04904327040052374,-0.055452259118356106,-0.041790473130817296,0.00034935756992955397,-0.021586723554226785,0.02329740908752828,-0.30704730954523474,-0.3725602336534127,-0.24266336274214997,0.05271890599096811,0.03975719515485927,0.06062175454279872,0.0005794892871813847,-0.020257977727304796,0.020152187689734025,0.3066624897010794,0.24209839406395145,0.3707601381585234,0.001143644213213028,-0.004464246893305036,0.005929529969933676,7.598438750441308e-05,-0.0026926359242123443,0.002788602986593402,-2.8261917987757202e-06,-0.0013302342417106923,0.0016936796248672166
iced,lat_db_01_15_ID_1.csv,300,296,-0.046217107168958396,-0.052546626326276116,-0.0408634945008261,0.001481583176238321,-0.006715255032350923,0.009760896345007156,-0.2893855934389903,-0.33160933456984354,-0.23294770432401424,0.051709150840539155,0.04196856668393398,0.06541167760834224,-0.0011308617687926612,-0.008343566495822054,0.007678008246641587,0.288143432497842,0.2331748433197239,0.33057564094011993,0.0010977656290125353,-0.0014529405478066366,0.0035069991343752807,-1.3886968370057492e-05,-0.002463286775905447,0.002366076714794294,-1.3490896763594976e-05,-0.0005613748348044416,0.0004977170664933913
iced,lat_db_01_15_ID_2.csv,453,449,-0.044198608863405674,-0.05248220271932806,-0.036175574553526255,0.0014292133038631234,-0.00535880586017557,0.00937335648694395,-0.2795359232597469,-0.3374418868072098,-0.2229389446784979,0.04676561703494909,0.03757745536251472,0.059017896454503685,0.00036947371922744804,-0.006590278329057246,0.007916706336609536,0.27925874176616944,0.2221145170680378,0.33640086079267073,0.0010881812352721285,-0.0009067176577317946,0.0031344591136815616,4.1657846692648845e-05,-0.0029555093413099628,0.0025578564211267817,2.3261560084290454e-06,-0.0005405952507303499,0.0005335746197449239
iced,lat_db_01_15_ID_3.csv,266,262,-0.0446883875999866,-0.050355352691394815,-0.03783540352907491,0.0015025116399849066,-0.007085307698812072,0.011790717058807434,-0.2880704345569961,-0.3487343950958889,-0.22952434864210944,0.05015291299284112,0.04352128475835547,0.056190809914148085,0.0009532278309837756,-0.007823609540811965,0.010570446230494858,0.28743936706337014,0.2298615242164206,0.3486513880214086,0.0011392086462218979,-0.0015497148828856097,0.00310776110964691,8.441076001220439e-05,-0.0022237926412951095,0.001828971863668851,-2.993322550449442e-06,-0.0006510926012335185,0.0005227262799870714
iced,lat_db_06_8_ID_1.csv,229,225,-0.041641392133048565,-0.0486961702137743,-0.03380855902439992,0.001858910367124871,-0.015570712088195056,0.020854102343942582,-0.28196996847080474,-0.34237153657711106,-0.20355225730511214,0.046573197382095866,0.039141836397004255,0.05313079402384476,0.0010101229214730736,-0.014462132034377127,0.01807334765013767,0.28116468475363143,0.20408734481653387,0.34095651680417466,0.0012261249186815177,-0.004557793679223362,0.006013566481632988,-4.785724053516037e-05,-0.0029872706878568515,0.0032827128138272323,-2.8303546592888704e-05,-0.0015159365025714504,0.0011236694814720566
iced,lat_db_06_8_ID_2.csv,403,399,-0.04743976688741215,-0.05535565455133579,-0.036486270419810625,-0.00018543902500659933,-0.009694619551925911,0.012587068396864649,-0.2907292553325477,-0.3509768695601505,-0.22807622793099352,0.05294980517010919,0.04614470268933655,0.057858791477245146,-0.002511953275546613,-0.010512836393112849,0.00973485380059327,0.2895989459070164,0.22754767631778416,0.3496123498525028,0.0011170226528493523,-0.0017397433365617784,0.003610541318173884,7.518598288985042e-05,-0.00225333113031936,0.0022523632232003495,-2.6542305843919136e-06,-0.0008383930342380733,0.0005863360367882756
iced,lat_db_06_8_ID_3.csv,281,277,-0.045493982820314305,-0.05105834216483034,-0.03840047643657785,0.0020737165202368607,-0.010310033981455514,0.022512619986214455,-0.2841480819848095,-0.3459051216632682,-0.2255907988420943,0.05065725027708761,0.03930585825655013,0.05663569197125782,-0.00010726685905106279,-0.011795754404625162,0.018811912047582858,0.2838384706058057,0.22527845303874616,0.3442907418652801,0.0010679920881594364,-0.003928337524609631,0.005580068279610145,2.7866666249946188e-05,-0.0024065099638376952,0.0029242788852461826,-5.526510437882011e-05,-0.0016229496950922024,0.0008915305609840756
iced,lat_db_30_5_ID_1.csv,668,664,-0.04480929578351266,-0.053285729763900315,-0.03754783273892442,0.001577677815005643,-0.007856909894842378,0.010992744919147457,-0.2714010952778747,-0.32023276754498803,-0.21806988804243838,0.04781585713777718,0.03711614241108825,0.05903785981279852,0.0004338752789024295,-0.008210718113297339,0.008033845272007468,0.27111846294984976,0.21779041703577237,0.3204598863993889,0.001045562227675394,-0.000832846069385547,0.003263851771501224,1.4267235685328876e-05,-0.00212455491572406,0.0019289299209777353,-1.9707489833404516e-05,-0.000694401599170848,0.0006820045673541355
iced,lat_db_30_5_ID_2.csv,476,472,-0.04545445031332704,-0.057421033902345736,-0.03702855169973879,0.0006189012177526418,-0.009249429888236339,0.012122354694726637,-0.29439927727614534,-0.33976973226017176,-0.22317766413790796,0.050823716186587695,0.042454098319185896,0.06565573436155325,-0.000740545013894315,-0.01019453731786463,0.00954737497407313,0.2937183628393823,0.2242145121758457,0.33877400911106054,0.001108503298434157,-0.001651860883768686,0.004176463251696738,-3.640966910791327e-05,-0.0023578041978781893,0.0023095036799670593,-8.961166168898341e-06,-0.0007221408914440035,0.0006565448875255468
iced,lat_db_30_5_ID_3.csv,698,694,-0.042881441482831496,-0.05165525183497595,-0.03658185757572623,0.0018327375136757184,-0.0077883586358577835,0.01178669244570164,-0.28245936177823866,-0.34064721383526114,-0.23527069677794502,0.046921276254380015,0.03652110491916266,0.05754668962925802,0.0009277065875711655,-0.008140283666733215,0.009685369402468804,0.28188198962538513,0.23512434879948807,0.33972110847044307,0.0010383461046078782,-0.0014113102430061055,0.0035213751783839927,6.017415605527135e-06,-0.002120248678209542,0.002357139815434008,-7.5069535621611575e-06,-0.0007290391338473357,0.0007055340904181938
iced,lon_3211_02_12_ID_1.csv,302,298,-0.046298294703707554,-0.05559090306032477,-0.02394324754791101,-0.00028706372591913735,-0.006993813468329916,0.007640721446359725,-0.28699996985056364,-0.46758333507998534,-0.20322492937986403,0.052888649700838744,0.04246678442681782,0.10361053247240956,-0.0015438595789836168,-0.008189921786007547,0.005206165284552547,0.2862233504733092,0.20234847570885,0.46395590813718557,0.001130718772416924,-0.0006009181924011079,0.003065412880360143,4.639990814063076e-05,-0.0027677472593640724,0.005249964039743027,-3.728363442623291e-05,-0.0005717486444781181,0.0005102554156409833
iced,lon_3211_02_12_ID_2.csv,330,326,-0.04564593760855448,-0.0527865301837437,-0.021543377848527796,-0.0012111616892620512,-0.00886114635366374,0.0063072893868486605,-0.2716851528899245,-0.5192450140587426,-0.21432014687554624,0.050935768630170464,0.0442176019197162,0.10280259255920708,-0.0033343461864511464,-0.009546570808515299,0.0033993541780341185,0.27126149592757276,0.2141322183692584,0.5128139451377366,0.0011873501967153669,3.692716572774535e-05,0.003311191533724441,3.144422526663966e-05,-0.004782413039271868,0.004565181152786984,-1.3051636688340842e-05,-0.0005502730485403885,0.000506714041709787
iced,lon_3211_02_12_ID_3.csv,541,537,-0.04607472496505369,-0.05655721630696956,-0.03944568642713232,9.984954034998051e-05,-0.005419001125576549,0.007237013428371331,-0.271512305652688,-0.40526242224549824,-0.22854636319780064,0.05263825229607606,0.04591762839121408,0.08563465682481435,-0.0008060443365533967,-0.006759109468590775,0.004958447409031037,0.27038775782781954,0.226496485716581,0.40047390571871055,0.0011607163403884115,-0.0002526571783505868,0.002882082855427721,-3.746175841104706e-05,-0.0020009814078222636,0.0016840482434440803,-5.552342392086382e-06,-0.00048807513550598624,0.0004975098873811992
iced,lon_3211_15_6_ID_1.csv,671,667,-0.04586435691629992,-0.05603219125668214,-0.03371588015921009,0.0006038375159118441,-0.0055285355716345715,0.007058352049656118,-0.2785837885724709,-0.4656196004726615,-0.19804319024344258,0.0522369479679518,0.04413325458453731,0.07602870968357031,-0.0005948196318785713,-0.007087632865093661,0.004806414618714755,0.2774487958522488,0.19585278103954734,0.4620398114815328,0.0012144973583612848,-0.00046597275700981295,0.0030360242392057503,3.5902990070956707e-05,-0.005458608501349122,0.0037647633746058784,-1.4963629412273774e-05,-0.00047543956373912664,0.0004505415081774817
iced,lon_3211_15_6_ID_2.csv,597,593,-0.04549227854301685,-0.05578544370812527,-0.02832911613194993,-0.00020390053297391988,-0.007742924816474998,0.006517645529661124,-0.28247197439209015,-0.5224104492662098,-0.11120277737017434,0.0532851660404779,0.044348202896007285,0.0770673911714821,-0.0016963041709779636,-0.008695631908343063,0.0056522122043584245,0.2814310359574787,0.11197701542850633,0.5199125391001498,0.0011833489790765686,-0.0005172427092302576,0.0028214750597093043,7.429746719707477e-05,-0.006280062076172064,0.0070454282793957455,-2.669320581738784e-05,-0.0005284706452888538,0.00048966089925584
iced,lon_3211_15_6_ID_3.csv,648,644,-0.04556332862689043,-0.05773624989171972,-0.03115468005605278,0.00020290835276247463,-0.005143734622882918,0.006598780332474269,-0.27251305588711744,-0.4908923130142371,-0.17020721386469145,0.05218828913123258,0.046429740055216,0.07991885929419468,-0.000937852013438905,-0.00666992021168571,0.004266129482045484,0.2714365539498618,0.16955954551913416,0.48600816071714953,0.0012113339515397296,-0.0002653943564128491,0.0028112101117354175,-3.506713834775651e-05,-0.005673942179099165,0.005554368389620336,1.9662539200280074e-06,-0.00047296947990170887,0.0003893025380192713
iced,lon_db_03_12_ID_1.csv,307,303,-0.041579039574292743,-0.04839052261047543,-0.030738104791290327,0.0020755395776285196,-0.004316174659303925,0.011407792903599693,-0.27875074002620337,-0.34273834349910126,-0.22174671664365256,0.04676689019496667,0.03401079678408308,0.061533106059599066,0.000294072582685452,-0.006097541064773522,0.009538115308294938,0.2777524528750675,0.22244301526783217,0.34138340162181613,0.0010921286680306134,-0.0011737501563792315,0.0029895623255192243,8.651891587295282e-05,-0.0022583658079714983,0.0030314087447135827,-3.1613806591303463e-05,-0.0006600463213139038,0.0004665235739576795
iced,lon_db_03_12_ID_2.csv,426,422,-0.04423489228702776,-0.05130621362189554,-0.03627750871286481,0.0012699648101066531,-0.005363232396885662,0.00684170910163269,-0.27625129516754043,-0.3507310283875657,-0.22006569103569928,0.05673797878559793,0.042825407956028974,0.07081842557276467,-0.00033888056146260493,-0.006586367400510296,0.005391706607099414,0.27422004277230977,0.21973460631543512,0.34831691714903845,0.0011525218142338885,-0.0004902106363002939,0.0027231764055722315,-1.010842394919893e-05,-0.0022613199653318365,0.002371745677227686,-5.18056045023721e-07,-0.00039996747691755974,0.000378010440981878
iced,lon_db_03_12_ID_3.csv,319,315,-0.04444513054908737,-0.05363333376551021,-0.026440615837829157,0.0005536907807798455,-0.006321533432523849,0.010486376703256545,-0.28435217540065133,-0.3588364662831243,-0.21819236636189313,0.05585178013284364,0.047150254452667135,0.07647978473568165,-0.0005129343626432173,-0.0067414634199505444,0.008621378865204445,0.28195593493681875,0.2164876190065192,0.3547442693714197,0.0012687241755426298,-0.0002916090049172583,0.0029063018702483842,9.633188214796017e-06,-0.0029109006964359867,0.0027269464568640033,1.1006537482119673e-05,-0.0006072466883836263,0.0004602054466398656
iced,lon_db_23_6_ID_1.csv,581,577,-0.04315212330730694,-0.05346911133198504,-0.03402495787240379,0.001303792474303302,-0.004918172540620583,0.008445343370589577,-0.2747279538087409,-0.36754817466687384,-0.2103875492377178,0.04946482471528012,0.04049112579760044,0.06471623648088269,-0.0007424132966498214,-0.00653813108301823,0.005919515625718546,0.2740622342744057,0.2097353437454037,0.36579773739942056,0.0011278745302729994,-0.0006459331704505051,0.002932313799526701,-2.4374511215421524e-05,-0.0033842141715936147,0.003278711999259129,4.7015952861208454e-07,-0.0005214934228561861,0.00044087545971193515
iced,lon_db_23_6_ID_2.csv,592,588,-0.04546685206020113,-0.05590098147136489,-0.034280716146179335,0.000643367630442925,-0.007670379044660782,0.009736336018590199,-0.286658687652495,-0.39760877156889674,-0.20989363799061572,0.05219882232699312,0.04063644355140564,0.06912136619542406,-0.0003790107866084152,-0.00840706321042889,0.00843746774219089,0.2857051290054894,0.20881776124705606,0.3963616791564175,0.0011344884198783902,-0.0010875983617427394,0.0033019292799626853,-2.4334082040250828e-05,-0.003021073559668251,0.0031294414796391684,-1.257139220147292e-05,-0.0005414293256550809,0.0005536248320660848
iced,lon_db_23_6_ID_3.csv,641,637,-0.041743592477852795,-0.05052107727755224,-0.03339260859940182,0.0015593220496695555,-0.005800557058433185,0.008333365653009331,-0.27368030692862366,-0.36558314455796137,-0.21563180514382535,0.04840481881867201,0.03996301917325903,0.06799773848868707,2.1158169682742537e-05,-0.0069203674183804026,0.006409451313213429,0.27229212260506563,0.21459747307748656,0.36325419505062034,0.0010938428378621879,-0.0011545624832853972,0.0031964924970642747,6.64785346756795e-05,-0.0025291287206838597,0.0026758540001555232,-1.1241208440818611e-05,-0.0005181950225247639,0.0005185579561072319
