"Check","Expected","Observed","Pass"
"Parent P1-A8A","PASS + LOCKED","PASS_P1_A8A_MISSION_PERFORMANCE_IDENTIFIABILITY_AND_SCOPE_FREEZE / LOCKED","True"
"battery_power source semantics","battery_power (W): Total battery power","battery_power (W): Total battery power","True"
"battery_power source class","model-agnostic candidate","This dataset contains both Model-Agnostic and Model-Dependent variables. If you wish to test alternative propulsion models or aero-propulsive couplings, you MUST use the Model-Agnostic variables (e.g., motor speed (RPS), airspeed (Va_EKF_CG), battery_power, CG accelerations (ax_cg, p_dot)) to calculate your own thrust and torque. ","True"
"P_drag_batt restriction","model-dependent / prohibited","P_drag_batt (W): Battery-derived aerodynamic drag power","True"
"Required channels all CSV","True","True","True"
"Numeric battery-power outcomes opened in A8B","0","0","True"
"HE_B1 direction","Delta P_batt,ref > 0 W","LOCKED","True"
"Required claim-gate branches","PRIMARY + EQUAL_PAIR + BETA_AUG + KINEMATIC_ENERGY_STATE_AUG","LOCKED","True"
"Endurance/range","NOT AUTHORIZED","NOT AUTHORIZED","True"
