branch,configuration,file_name,source_rows,common_envelope_rows,invalid_rows,source_CD_diagnostic_nrmse,prop_thrust_reference_nrmse
PRIMARY_W5,clean,lon_3211_02_12_ID_1.csv,348,298,0,0.09292018896653712,5.1016477498081656e-15
PRIMARY_W5,iced,lon_3211_02_12_ID_1.csv,302,239,0,0.08026894996677907,3.777250484691354e-15
PRIMARY_W5,clean,lon_3211_02_12_ID_2.csv,413,364,0,0.07969904806212491,5.353966134310915e-15
PRIMARY_W5,iced,lon_3211_02_12_ID_2.csv,330,266,0,0.06974245959520889,3.624383076095238e-15
PRIMARY_W5,clean,lon_3211_02_12_ID_3.csv,318,267,0,0.09082697907152949,5.057529982066445e-15
PRIMARY_W5,iced,lon_3211_02_12_ID_3.csv,541,472,0,0.0641272537282262,3.629457267677543e-15
PRIMARY_W5,clean,lon_3211_15_6_ID_1.csv,569,439,0,0.0921724345822676,5.199638688669666e-15
PRIMARY_W5,iced,lon_3211_15_6_ID_1.csv,671,492,0,0.08375912579300504,3.789873047731573e-15
PRIMARY_W5,clean,lon_3211_15_6_ID_2.csv,699,581,0,0.07878588230916932,5.291643456563204e-15
PRIMARY_W5,iced,lon_3211_15_6_ID_2.csv,597,418,0,0.08141899690484528,3.5094981046395378e-15
PRIMARY_W5,clean,lon_3211_15_6_ID_3.csv,572,440,0,0.08726630847226619,4.9754016796495896e-15
PRIMARY_W5,iced,lon_3211_15_6_ID_3.csv,648,472,0,0.08637221592166097,3.4684128728631925e-15
PRIMARY_W5,clean,lon_db_03_12_ID_1.csv,332,301,0,0.0960046772964767,5.360594834237896e-15
PRIMARY_W5,iced,lon_db_03_12_ID_1.csv,307,274,0,0.12291281493877748,4.070391802675335e-15
PRIMARY_W5,clean,lon_db_03_12_ID_2.csv,412,380,0,0.08004868447854563,5.4062865802480245e-15
PRIMARY_W5,iced,lon_db_03_12_ID_2.csv,426,379,0,0.08649260160320928,3.566189077984456e-15
PRIMARY_W5,clean,lon_db_03_12_ID_3.csv,333,301,0,0.0893792745621105,5.166862855535588e-15
PRIMARY_W5,iced,lon_db_03_12_ID_3.csv,319,275,0,0.0990696048080118,3.333902428988423e-15
PRIMARY_W5,clean,lon_db_23_6_ID_1.csv,469,397,0,0.06765108604189925,5.370578087625992e-15
PRIMARY_W5,iced,lon_db_23_6_ID_1.csv,581,504,0,0.09606485823541137,3.7120714282674825e-15
PRIMARY_W5,clean,lon_db_23_6_ID_2.csv,522,468,0,0.08034569360491665,5.825928012084087e-15
PRIMARY_W5,iced,lon_db_23_6_ID_2.csv,592,532,0,0.0993728611855225,3.825614235164484e-15
PRIMARY_W5,clean,lon_db_23_6_ID_3.csv,695,640,0,0.07668132481721858,5.346806639308581e-15
PRIMARY_W5,iced,lon_db_23_6_ID_3.csv,641,561,0,0.10491950275079034,4.06218713565175e-15
ETA1_W5,clean,lon_3211_02_12_ID_1.csv,348,298,0,0.09292018896653712,5.1016477498081656e-15
ETA1_W5,iced,lon_3211_02_12_ID_1.csv,302,239,0,0.28567834696683597,0.23371962178257089
ETA1_W5,clean,lon_3211_02_12_ID_2.csv,413,364,0,0.07969904806212491,5.353966134310915e-15
ETA1_W5,iced,lon_3211_02_12_ID_2.csv,330,266,0,0.28209320100605345,0.23371962178257052
ETA1_W5,clean,lon_3211_02_12_ID_3.csv,318,267,0,0.09082697907152949,5.057529982066445e-15
ETA1_W5,iced,lon_3211_02_12_ID_3.csv,541,472,0,0.2672423265939802,0.2337196217825712
ETA1_W5,clean,lon_3211_15_6_ID_1.csv,569,439,0,0.0921724345822676,5.199638688669666e-15
ETA1_W5,iced,lon_3211_15_6_ID_1.csv,671,492,0,0.2988007732261084,0.23371962178257066
ETA1_W5,clean,lon_3211_15_6_ID_2.csv,699,581,0,0.07878588230916932,5.291643456563204e-15
ETA1_W5,iced,lon_3211_15_6_ID_2.csv,597,418,0,0.2961913785979087,0.23371962178257066
ETA1_W5,clean,lon_3211_15_6_ID_3.csv,572,440,0,0.08726630847226619,4.9754016796495896e-15
ETA1_W5,iced,lon_3211_15_6_ID_3.csv,648,472,0,0.30036571316725397,0.23371962178257052
ETA1_W5,clean,lon_db_03_12_ID_1.csv,332,301,0,0.0960046772964767,5.360594834237896e-15
ETA1_W5,iced,lon_db_03_12_ID_1.csv,307,274,0,0.3161075855307791,0.23371962178257072
ETA1_W5,clean,lon_db_03_12_ID_2.csv,412,380,0,0.08004868447854563,5.4062865802480245e-15
ETA1_W5,iced,lon_db_03_12_ID_2.csv,426,379,0,0.2645057454176704,0.2337196217825701
ETA1_W5,clean,lon_db_03_12_ID_3.csv,333,301,0,0.0893792745621105,5.166862855535588e-15
ETA1_W5,iced,lon_db_03_12_ID_3.csv,319,275,0,0.2954762441863593,0.23371962178257016
ETA1_W5,clean,lon_db_23_6_ID_1.csv,469,397,0,0.06765108604189925,5.370578087625992e-15
ETA1_W5,iced,lon_db_23_6_ID_1.csv,581,504,0,0.2821618550910463,0.23371962178257058
ETA1_W5,clean,lon_db_23_6_ID_2.csv,522,468,0,0.08034569360491665,5.825928012084087e-15
ETA1_W5,iced,lon_db_23_6_ID_2.csv,592,532,0,0.2898383791396671,0.23371962178257064
ETA1_W5,clean,lon_db_23_6_ID_3.csv,695,640,0,0.07668132481721858,5.346806639308581e-15
ETA1_W5,iced,lon_db_23_6_ID_3.csv,641,561,0,0.28872592841742384,0.23371962178257102
W7,clean,lon_3211_02_12_ID_1.csv,348,296,0,0.09155992795879156,5.117791696878595e-15
W7,iced,lon_3211_02_12_ID_1.csv,302,237,0,0.08182530844600673,3.787694707099088e-15
W7,clean,lon_3211_02_12_ID_2.csv,413,362,0,0.07348597250003437,5.363689481102619e-15
W7,iced,lon_3211_02_12_ID_2.csv,330,264,0,0.07070913924299589,3.612420071374539e-15
W7,clean,lon_3211_02_12_ID_3.csv,318,265,0,0.08782332372390482,5.059509929541337e-15
W7,iced,lon_3211_02_12_ID_3.csv,541,470,0,0.06448092515740007,3.6291617909595464e-15
W7,clean,lon_3211_15_6_ID_1.csv,569,437,0,0.0900793817738845,5.206438856504154e-15
W7,iced,lon_3211_15_6_ID_1.csv,671,490,0,0.08800558009987909,3.787991648308701e-15
W7,clean,lon_3211_15_6_ID_2.csv,699,579,0,0.0791793762451216,5.298079146438383e-15
W7,iced,lon_3211_15_6_ID_2.csv,597,416,0,0.08462543554757732,3.5139821700410456e-15
W7,clean,lon_3211_15_6_ID_3.csv,572,438,0,0.08485066109171695,4.982108877331261e-15
W7,iced,lon_3211_15_6_ID_3.csv,648,470,0,0.08640025829507836,3.473553723018405e-15
W7,clean,lon_db_03_12_ID_1.csv,332,299,0,0.09477452100923314,5.352025174342004e-15
W7,iced,lon_db_03_12_ID_1.csv,307,272,0,0.1200371920737335,4.073490733463693e-15
W7,clean,lon_db_03_12_ID_2.csv,412,378,0,0.07356771272043156,5.4083712534801606e-15
W7,iced,lon_db_03_12_ID_2.csv,426,377,0,0.08680928410732534,3.5704839987905544e-15
W7,clean,lon_db_03_12_ID_3.csv,333,299,0,0.08519759666979591,5.1705100662349236e-15
W7,iced,lon_db_03_12_ID_3.csv,319,273,0,0.09465543433610187,3.3339191602723007e-15
W7,clean,lon_db_23_6_ID_1.csv,469,395,0,0.06730963654137492,5.355297971888039e-15
W7,iced,lon_db_23_6_ID_1.csv,581,502,0,0.09780873039115821,3.714665194516609e-15
W7,clean,lon_db_23_6_ID_2.csv,522,466,0,0.0808461765651501,5.827432560070797e-15
W7,iced,lon_db_23_6_ID_2.csv,592,530,0,0.10154885589745236,3.831249498516161e-15
W7,clean,lon_db_23_6_ID_3.csv,695,638,0,0.07648932517170383,5.346365787066208e-15
W7,iced,lon_db_23_6_ID_3.csv,641,559,0,0.1025201325424162,4.0593868209909375e-15
W9_STRESS,clean,lon_3211_02_12_ID_1.csv,348,294,0,0.09186828574246461,5.089913658082575e-15
W9_STRESS,iced,lon_3211_02_12_ID_1.csv,302,235,0,0.07903802854189675,3.7765043036371495e-15
W9_STRESS,clean,lon_3211_02_12_ID_2.csv,413,360,0,0.07233432437504889,5.3601438504993605e-15
W9_STRESS,iced,lon_3211_02_12_ID_2.csv,330,262,0,0.06848661531735453,3.623226344028908e-15
W9_STRESS,clean,lon_3211_02_12_ID_3.csv,318,263,0,0.08671706402220007,5.062361974153457e-15
W9_STRESS,iced,lon_3211_02_12_ID_3.csv,541,468,0,0.06261223641851253,3.631900748745087e-15
W9_STRESS,clean,lon_3211_15_6_ID_1.csv,569,435,0,0.09089601187294934,5.211017381832144e-15
W9_STRESS,iced,lon_3211_15_6_ID_1.csv,671,488,0,0.09059922793317199,3.7942639852651104e-15
W9_STRESS,clean,lon_3211_15_6_ID_2.csv,699,577,0,0.08013439514781555,5.295521158673687e-15
W9_STRESS,iced,lon_3211_15_6_ID_2.csv,597,414,0,0.08299072459300195,3.5115030359067126e-15
W9_STRESS,clean,lon_3211_15_6_ID_3.csv,572,436,0,0.0849397001756798,4.976027426819072e-15
W9_STRESS,iced,lon_3211_15_6_ID_3.csv,648,468,0,0.08629660954377466,3.4794133904619665e-15
W9_STRESS,clean,lon_db_03_12_ID_1.csv,332,297,0,0.09343287353081671,5.3353043936697554e-15
W9_STRESS,iced,lon_db_03_12_ID_1.csv,307,270,0,0.12175695796729517,4.09082870467211e-15
W9_STRESS,clean,lon_db_03_12_ID_2.csv,412,376,0,0.07227228118434598,5.414088485438661e-15
W9_STRESS,iced,lon_db_03_12_ID_2.csv,426,375,0,0.08762778042122987,3.5680581240039465e-15
W9_STRESS,clean,lon_db_03_12_ID_3.csv,333,297,0,0.08442976288587475,5.177661385455158e-15
W9_STRESS,iced,lon_db_03_12_ID_3.csv,319,271,0,0.09843468225070878,3.33420023767566e-15
W9_STRESS,clean,lon_db_23_6_ID_1.csv,469,393,0,0.06800123015368287,5.3638777774292864e-15
W9_STRESS,iced,lon_db_23_6_ID_1.csv,581,500,0,0.09780933201615413,3.715731248753038e-15
W9_STRESS,clean,lon_db_23_6_ID_2.csv,522,464,0,0.08168181521121831,5.8366012969854375e-15
W9_STRESS,iced,lon_db_23_6_ID_2.csv,592,528,0,0.10258426552538946,3.8312573572714575e-15
W9_STRESS,clean,lon_db_23_6_ID_3.csv,695,636,0,0.07735899167538683,5.349195567355233e-15
W9_STRESS,iced,lon_db_23_6_ID_3.csv,641,557,0,0.10266804160362661,4.059010088421896e-15
