"Artifact","Path","SHA256"
"A7B_ENGINE","E:\İCİNG-PROJE\_P2_ML\P2_A7B_FROZEN_INTERPRETABILITY_UNCERTAINTY_EXECUTION_20260919_204208\_p2_a7b_interpretability_uncertainty_execution.py","FD2BBF2C1C26548E5F38A1F32FEA49AF0AB0B46978E574021119F28041750289"
"PERMUTATION_REPEAT_SUMMARY","E:\İCİNG-PROJE\_P2_ML\P2_A7B_FROZEN_INTERPRETABILITY_UNCERTAINTY_EXECUTION_20260919_204208\P2_A7B_PERMUTATION_REPEAT_SUMMARY.csv","3E6F06A34A9528EF1CA9B8DD50A85C7DF6EF4866697EFAB0FB61B5A950CA288C"
"PERMUTATION_PAIR_FEATURE_DELTAS","E:\İCİNG-PROJE\_P2_ML\P2_A7B_FROZEN_INTERPRETABILITY_UNCERTAINTY_EXECUTION_20260919_204208\P2_A7B_PERMUTATION_PAIR_FEATURE_DELTAS.csv","9CADC4C23E8A0FF687100F8269C95583277720F24312011AD480D145C32A3CDC"
"PERMUTATION_IMPORTANCE","E:\İCİNG-PROJE\_P2_ML\P2_A7B_FROZEN_INTERPRETABILITY_UNCERTAINTY_EXECUTION_20260919_204208\P2_A7B_PERMUTATION_IMPORTANCE.csv","21E68B38AAF5351CC539EC278EB040101E024847329E3F1697E05D4EEAB28BB5"
"NATIVE_EXTRATREES_IMPORTANCE","E:\İCİNG-PROJE\_P2_ML\P2_A7B_FROZEN_INTERPRETABILITY_UNCERTAINTY_EXECUTION_20260919_204208\P2_A7B_NATIVE_EXTRATREES_IMPORTANCE.csv","BB101FA97546932DEF158EF111B44B9D5C9D99B56896246052A74E6BFE5EFAB5"
"NATIVE_PERMUTATION_CONCORDANCE","E:\İCİNG-PROJE\_P2_ML\P2_A7B_FROZEN_INTERPRETABILITY_UNCERTAINTY_EXECUTION_20260919_204208\P2_A7B_NATIVE_PERMUTATION_CONCORDANCE.json","83DCE4616B7426D3EEC2D304886C1E0234702AFED9F3FC802A364B725BEFB031"
"TREE_DISPERSION_PAIR_TARGET","E:\İCİNG-PROJE\_P2_ML\P2_A7B_FROZEN_INTERPRETABILITY_UNCERTAINTY_EXECUTION_20260919_204208\P2_A7B_TREE_DISPERSION_PAIR_TARGET.csv","A32C592F402E2B8B5617EAF28DEDDB232388F663DFD71425AC7A8E176B75F02A"
"TREE_DISPERSION_ERROR_ASSOCIATIONS","E:\İCİNG-PROJE\_P2_ML\P2_A7B_FROZEN_INTERPRETABILITY_UNCERTAINTY_EXECUTION_20260919_204208\P2_A7B_TREE_DISPERSION_ERROR_ASSOCIATIONS.csv","7D599030EC1552DC4DCC99CF62EA92AC4C7709A5EDE1F23786A7E59CFBDAECE9"
"SUPPORT_DISTANCE_PAIR_ERROR","E:\İCİNG-PROJE\_P2_ML\P2_A7B_FROZEN_INTERPRETABILITY_UNCERTAINTY_EXECUTION_20260919_204208\P2_A7B_SUPPORT_DISTANCE_PAIR_ERROR.csv","81C5847B9315A97B75A6F44A9C14A60491C43CEE62B80E4A3E655ADEA51235AE"
"SUPPORT_DISTANCE_ERROR_ASSOCIATION","E:\İCİNG-PROJE\_P2_ML\P2_A7B_FROZEN_INTERPRETABILITY_UNCERTAINTY_EXECUTION_20260919_204208\P2_A7B_SUPPORT_DISTANCE_ERROR_ASSOCIATION.json","7E5B4A2F91F62643196A6338199F8B9B80A2879D84CFFCC56E730002CD0DDD8A"
"INTERPRETABILITY_UNCERTAINTY_SUMMARY","E:\İCİNG-PROJE\_P2_ML\P2_A7B_FROZEN_INTERPRETABILITY_UNCERTAINTY_EXECUTION_20260919_204208\P2_A7B_INTERPRETABILITY_UNCERTAINTY_SUMMARY.json","F146F2F66BA81F58668E76F9B120ED56E8C2C8B8C87A6E99FEBC404B1B528D56"
