pair_group,flight_id,target,tree_dispersion_rms_standardized,locked_pair_target_nrmse
lat_121_01_15_ID_4.csv,4,Faero_X,0.5094455212227574,0.4978812392200847
lat_121_01_15_ID_5.csv,5,Faero_X,0.6155488304925996,0.6262560675458211
lat_121_01_15_ID_6.csv,6,Faero_X,0.5751979112484803,0.4804534790259966
lat_121_05_8_ID_4.csv,4,Faero_X,0.5135252550837894,0.5063243213028596
lat_121_05_8_ID_5.csv,5,Faero_X,0.6514748057997999,0.9408901207510313
lat_121_05_8_ID_6.csv,6,Faero_X,0.611414222954652,0.6350548871989518
lat_db_01_15_ID_4.csv,4,Faero_X,0.5102706802167352,0.5425933293427214
lat_db_01_15_ID_5.csv,5,Faero_X,0.5878880071601797,0.6218717352224354
lat_db_01_15_ID_6.csv,6,Faero_X,0.5627939334859569,0.5556800834740345
lat_db_06_8_ID_4.csv,4,Faero_X,0.5816450451357094,0.6175883533360346
lat_db_06_8_ID_5.csv,5,Faero_X,0.588095323375803,0.652705639708289
lat_db_06_8_ID_6.csv,6,Faero_X,0.6223555966239845,0.40492686731064853
lat_db_30_5_ID_4.csv,4,Faero_X,0.6241434216004748,0.6083853236079255
lat_db_30_5_ID_5.csv,5,Faero_X,0.6248750881816201,0.5936690796484193
lon_3211_02_12_ID_4.csv,4,Faero_X,0.7638927617810889,0.6296940121174004
lon_3211_02_12_ID_5.csv,5,Faero_X,0.7097845037686181,0.5015108964824675
lon_3211_15_6_ID_4.csv,4,Faero_X,0.6810769107580928,0.5342232314597339
lon_3211_15_6_ID_5.csv,5,Faero_X,0.7562291404844754,0.6883907411502269
lon_db_03_12_ID_4.csv,4,Faero_X,0.6484082686763577,0.5523384678806085
lon_db_03_12_ID_5.csv,5,Faero_X,0.6653253166722596,0.5709883434293258
lon_db_03_12_ID_6.csv,6,Faero_X,0.6433405726286541,0.6084088036100039
lon_db_23_6_ID_4.csv,4,Faero_X,0.6201391615987155,0.5546404831189432
lon_db_23_6_ID_5.csv,5,Faero_X,0.6197758269078926,0.5368718355119437
lon_db_23_6_ID_6.csv,6,Faero_X,0.590907738866706,0.5323272634059298
lat_121_01_15_ID_4.csv,4,Faero_Y,0.6419535667077227,0.6817033651458623
lat_121_01_15_ID_5.csv,5,Faero_Y,0.7913284852014875,0.7931038695500352
lat_121_01_15_ID_6.csv,6,Faero_Y,0.7187233925718158,0.7617083995291511
lat_121_05_8_ID_4.csv,4,Faero_Y,0.8663266305830719,0.9480149731410255
lat_121_05_8_ID_5.csv,5,Faero_Y,0.9166491423588741,0.8042705095608101
lat_121_05_8_ID_6.csv,6,Faero_Y,0.8178303301142816,0.7569838160063598
lat_db_01_15_ID_4.csv,4,Faero_Y,0.6123015866481829,0.5435583276020747
lat_db_01_15_ID_5.csv,5,Faero_Y,0.7052041546342307,0.681872820991898
lat_db_01_15_ID_6.csv,6,Faero_Y,0.7149236436357747,0.612518163959545
lat_db_06_8_ID_4.csv,4,Faero_Y,0.8158192180837276,0.7584004263419664
lat_db_06_8_ID_5.csv,5,Faero_Y,0.9905282530450574,0.9671454692276235
lat_db_06_8_ID_6.csv,6,Faero_Y,0.9303028458250611,0.7862513745001772
lat_db_30_5_ID_4.csv,4,Faero_Y,0.8235857136539707,0.7736916040252416
lat_db_30_5_ID_5.csv,5,Faero_Y,0.800647570533745,0.7369618265973191
lon_3211_02_12_ID_4.csv,4,Faero_Y,0.5740090205883005,0.5382918283017888
lon_3211_02_12_ID_5.csv,5,Faero_Y,0.5971502242409653,0.46618642822505124
lon_3211_15_6_ID_4.csv,4,Faero_Y,0.5216135706764409,0.4097347781742234
lon_3211_15_6_ID_5.csv,5,Faero_Y,0.5756508603853506,0.4133915999373174
lon_db_03_12_ID_4.csv,4,Faero_Y,0.5221452045356046,0.4556242498115451
lon_db_03_12_ID_5.csv,5,Faero_Y,0.5369196043698202,0.4107702251995779
lon_db_03_12_ID_6.csv,6,Faero_Y,0.5403615661507648,0.40747828354837595
lon_db_23_6_ID_4.csv,4,Faero_Y,0.5603487137042817,0.5327672227377118
lon_db_23_6_ID_5.csv,5,Faero_Y,0.5693273747997405,0.4502661461784957
lon_db_23_6_ID_6.csv,6,Faero_Y,0.5664295832422036,0.4882745162991831
lat_121_01_15_ID_4.csv,4,Faero_Z,0.35703711315035974,0.2959611719344376
lat_121_01_15_ID_5.csv,5,Faero_Z,0.4284092758971088,0.34337547014592684
lat_121_01_15_ID_6.csv,6,Faero_Z,0.4223915876008676,0.36359936257310455
lat_121_05_8_ID_4.csv,4,Faero_Z,0.4048138653591522,0.3127360569393501
lat_121_05_8_ID_5.csv,5,Faero_Z,0.47099098365203795,0.3789803492130925
lat_121_05_8_ID_6.csv,6,Faero_Z,0.42477673662363863,0.3723496722195329
lat_db_01_15_ID_4.csv,4,Faero_Z,0.35104588926896274,0.2980332624039649
lat_db_01_15_ID_5.csv,5,Faero_Z,0.4127395834721365,0.3222554787158753
lat_db_01_15_ID_6.csv,6,Faero_Z,0.42845687047872527,0.36340906951782176
lat_db_06_8_ID_4.csv,4,Faero_Z,0.42948337959830135,0.3868502677077196
lat_db_06_8_ID_5.csv,5,Faero_Z,0.45679796224505315,0.4166405911296714
lat_db_06_8_ID_6.csv,6,Faero_Z,0.493860260060207,0.39934806789927574
lat_db_30_5_ID_4.csv,4,Faero_Z,0.4608655599808891,0.3998566364901509
lat_db_30_5_ID_5.csv,5,Faero_Z,0.43628966121557244,0.35278603078474635
lon_3211_02_12_ID_4.csv,4,Faero_Z,0.5716772806319809,0.3699125440395562
lon_3211_02_12_ID_5.csv,5,Faero_Z,0.5459683771486012,0.31141910953404756
lon_3211_15_6_ID_4.csv,4,Faero_Z,0.5434400136041685,0.34294976760896617
lon_3211_15_6_ID_5.csv,5,Faero_Z,0.5967817712626308,0.3954049683060021
lon_db_03_12_ID_4.csv,4,Faero_Z,0.4625405275454969,0.31614168744447363
lon_db_03_12_ID_5.csv,5,Faero_Z,0.4886506454136223,0.32121462521271826
lon_db_03_12_ID_6.csv,6,Faero_Z,0.4765907352996146,0.3769593399800659
lon_db_23_6_ID_4.csv,4,Faero_Z,0.47940549963470547,0.3119812885483839
lon_db_23_6_ID_5.csv,5,Faero_Z,0.4604771238915555,0.32332721903154743
lon_db_23_6_ID_6.csv,6,Faero_Z,0.4384465227640361,0.3077940277809702
lat_121_01_15_ID_4.csv,4,Maero_L,0.7386010187309,0.8906940228885556
lat_121_01_15_ID_5.csv,5,Maero_L,0.9406304366903118,0.8689211928670436
lat_121_01_15_ID_6.csv,6,Maero_L,0.8631111566765374,0.8548095745891936
lat_121_05_8_ID_4.csv,4,Maero_L,0.9822076418655407,0.8795179193447252
lat_121_05_8_ID_5.csv,5,Maero_L,1.0277233408618782,0.9006390357121612
lat_121_05_8_ID_6.csv,6,Maero_L,0.9357968612973887,0.9198646853053852
lat_db_01_15_ID_4.csv,4,Maero_L,0.6619981910119324,0.5801414521742363
lat_db_01_15_ID_5.csv,5,Maero_L,0.7450338336388188,0.7837435759927645
lat_db_01_15_ID_6.csv,6,Maero_L,0.7702906154076207,0.6412161569824321
lat_db_06_8_ID_4.csv,4,Maero_L,0.8565149787391441,0.7686372799551887
lat_db_06_8_ID_5.csv,5,Maero_L,1.0026039846689099,0.8518714555796386
lat_db_06_8_ID_6.csv,6,Maero_L,1.0103279553464442,0.7643566270515051
lat_db_30_5_ID_4.csv,4,Maero_L,0.914241478997804,0.7807070220084842
lat_db_30_5_ID_5.csv,5,Maero_L,0.8919586081499589,0.7484674851352804
lon_3211_02_12_ID_4.csv,4,Maero_L,0.5311534157055814,0.42643349776491085
lon_3211_02_12_ID_5.csv,5,Maero_L,0.5804774265304314,0.3909483776300378
lon_3211_15_6_ID_4.csv,4,Maero_L,0.5031594884993452,0.32752229299060714
lon_3211_15_6_ID_5.csv,5,Maero_L,0.6360159116134411,0.3348621910644972
lon_db_03_12_ID_4.csv,4,Maero_L,0.49915725969397634,0.3415825277260211
lon_db_03_12_ID_5.csv,5,Maero_L,0.5421356857378945,0.36223900329842573
lon_db_03_12_ID_6.csv,6,Maero_L,0.5607409337588828,0.4663366200939958
lon_db_23_6_ID_4.csv,4,Maero_L,0.5352726693051264,0.4145648296632899
lon_db_23_6_ID_5.csv,5,Maero_L,0.5418257347378908,0.4357213730791681
lon_db_23_6_ID_6.csv,6,Maero_L,0.5490569695846945,0.4071075779248038
lat_121_01_15_ID_4.csv,4,Maero_M,0.42291127486262464,0.4035983358011461
lat_121_01_15_ID_5.csv,5,Maero_M,0.5204374708273162,0.4234740783646886
lat_121_01_15_ID_6.csv,6,Maero_M,0.5166693657081426,0.48334746044465704
lat_121_05_8_ID_4.csv,4,Maero_M,0.48063190458727856,0.3538510532650571
lat_121_05_8_ID_5.csv,5,Maero_M,0.5299861040522527,0.4582381603515512
lat_121_05_8_ID_6.csv,6,Maero_M,0.4990554116944447,0.43986582175861716
lat_db_01_15_ID_4.csv,4,Maero_M,0.423252063249452,0.372414495309057
lat_db_01_15_ID_5.csv,5,Maero_M,0.5017060758365394,0.44726803383470604
lat_db_01_15_ID_6.csv,6,Maero_M,0.5489446892185404,0.4913089474480569
lat_db_06_8_ID_4.csv,4,Maero_M,0.5219547477310494,0.48726004129523665
lat_db_06_8_ID_5.csv,5,Maero_M,0.5845852673054726,0.6199379024606069
lat_db_06_8_ID_6.csv,6,Maero_M,0.6166688726615336,0.47283265549924147
lat_db_30_5_ID_4.csv,4,Maero_M,0.5791177152423064,0.4645415330884178
lat_db_30_5_ID_5.csv,5,Maero_M,0.5512763472045543,0.4647465244036316
lon_3211_02_12_ID_4.csv,4,Maero_M,1.044731499388469,0.8838567857717935
lon_3211_02_12_ID_5.csv,5,Maero_M,0.9598634217993115,0.6973165264416848
lon_3211_15_6_ID_4.csv,4,Maero_M,0.7670064280375403,0.45371292717890077
lon_3211_15_6_ID_5.csv,5,Maero_M,0.8792213884356036,0.5471334016775615
lon_db_03_12_ID_4.csv,4,Maero_M,0.7109556058426579,0.5245817767885532
lon_db_03_12_ID_5.csv,5,Maero_M,0.7954191439139685,0.6148379071840268
lon_db_03_12_ID_6.csv,6,Maero_M,0.7303260128510379,0.5620456153092784
lon_db_23_6_ID_4.csv,4,Maero_M,0.6891213014940262,0.40744502113783254
lon_db_23_6_ID_5.csv,5,Maero_M,0.6228926332105515,0.40587322524586167
lon_db_23_6_ID_6.csv,6,Maero_M,0.5737173115276892,0.36783137023912194
lat_121_01_15_ID_4.csv,4,Maero_N,0.5970453404459584,0.6192505847213053
lat_121_01_15_ID_5.csv,5,Maero_N,0.737758670171891,0.7028694610630143
lat_121_01_15_ID_6.csv,6,Maero_N,0.6676260598897847,0.6636974885295709
lat_121_05_8_ID_4.csv,4,Maero_N,0.8491387582733366,0.8358044650387249
lat_121_05_8_ID_5.csv,5,Maero_N,0.9097601955706267,0.7723673623565602
lat_121_05_8_ID_6.csv,6,Maero_N,0.7948448444964201,0.6902756070168755
lat_db_01_15_ID_4.csv,4,Maero_N,0.5707171983235737,0.4190033202532564
lat_db_01_15_ID_5.csv,5,Maero_N,0.6567121419328169,0.6170254900799392
lat_db_01_15_ID_6.csv,6,Maero_N,0.6573381659597969,0.5423017766809894
lat_db_06_8_ID_4.csv,4,Maero_N,0.7793973776988811,0.7167908021120546
lat_db_06_8_ID_5.csv,5,Maero_N,0.9412999295570786,0.8964650740124136
lat_db_06_8_ID_6.csv,6,Maero_N,0.886278596877595,0.7317373999584756
lat_db_30_5_ID_4.csv,4,Maero_N,0.7816503399026878,0.6536452479817965
lat_db_30_5_ID_5.csv,5,Maero_N,0.735270049985015,0.635124879076204
lon_3211_02_12_ID_4.csv,4,Maero_N,0.5160240089385103,0.40840480281364616
lon_3211_02_12_ID_5.csv,5,Maero_N,0.5255144145206848,0.3846194462457343
lon_3211_15_6_ID_4.csv,4,Maero_N,0.46449549035222465,0.300435329108809
lon_3211_15_6_ID_5.csv,5,Maero_N,0.5298347144260328,0.37944594781074564
lon_db_03_12_ID_4.csv,4,Maero_N,0.4698863674917718,0.3600064344671157
lon_db_03_12_ID_5.csv,5,Maero_N,0.48514771232828885,0.34454684679300707
lon_db_03_12_ID_6.csv,6,Maero_N,0.5036507315864569,0.34856612833372824
lon_db_23_6_ID_4.csv,4,Maero_N,0.5003375999776288,0.4087525276436464
lon_db_23_6_ID_5.csv,5,Maero_N,0.5139139932902086,0.40752989093683506
lon_db_23_6_ID_6.csv,6,Maero_N,0.5023915381877457,0.3755945312637838
