support_rule,scope,group,threshold,retained_rows,total_rows,coverage_fraction
Q90,OVERALL,ALL,1.743944685367989,18679,20537,0.9095291425232507
Q90,OBSERVED_CONFIGURATION,clean,1.743944685367989,9338,10352,0.902047913446677
Q90,OBSERVED_CONFIGURATION,iced,1.743944685367989,9341,10185,0.9171330387825233
Q90,EXACT_PAIR,lat_121_01_15_ID_4.csv,1.743944685367989,852,884,0.9638009049773756
Q90,EXACT_PAIR,lat_121_01_15_ID_5.csv,1.743944685367989,532,579,0.918825561312608
Q90,EXACT_PAIR,lat_121_01_15_ID_6.csv,1.743944685367989,686,718,0.9554317548746518
Q90,EXACT_PAIR,lat_121_05_8_ID_4.csv,1.743944685367989,553,671,0.8241430700447094
Q90,EXACT_PAIR,lat_121_05_8_ID_5.csv,1.743944685367989,621,765,0.8117647058823529
Q90,EXACT_PAIR,lat_121_05_8_ID_6.csv,1.743944685367989,642,749,0.8571428571428571
Q90,EXACT_PAIR,lat_db_01_15_ID_4.csv,1.743944685367989,647,670,0.9656716417910448
Q90,EXACT_PAIR,lat_db_01_15_ID_5.csv,1.743944685367989,602,634,0.9495268138801262
Q90,EXACT_PAIR,lat_db_01_15_ID_6.csv,1.743944685367989,822,854,0.9625292740046838
Q90,EXACT_PAIR,lat_db_06_8_ID_4.csv,1.743944685367989,697,791,0.8811630847029077
Q90,EXACT_PAIR,lat_db_06_8_ID_5.csv,1.743944685367989,544,666,0.8168168168168168
Q90,EXACT_PAIR,lat_db_06_8_ID_6.csv,1.743944685367989,537,667,0.8050974512743628
Q90,EXACT_PAIR,lat_db_30_5_ID_4.csv,1.743944685367989,1003,1148,0.8736933797909407
Q90,EXACT_PAIR,lat_db_30_5_ID_5.csv,1.743944685367989,1094,1263,0.8661916072842438
Q90,EXACT_PAIR,lon_3211_02_12_ID_4.csv,1.743944685367989,546,625,0.8736
Q90,EXACT_PAIR,lon_3211_02_12_ID_5.csv,1.743944685367989,676,764,0.8848167539267016
Q90,EXACT_PAIR,lon_3211_15_6_ID_4.csv,1.743944685367989,1095,1186,0.9232715008431703
Q90,EXACT_PAIR,lon_3211_15_6_ID_5.csv,1.743944685367989,1125,1249,0.900720576461169
Q90,EXACT_PAIR,lon_db_03_12_ID_4.csv,1.743944685367989,546,593,0.9207419898819561
Q90,EXACT_PAIR,lon_db_03_12_ID_5.csv,1.743944685367989,580,622,0.932475884244373
Q90,EXACT_PAIR,lon_db_03_12_ID_6.csv,1.743944685367989,682,735,0.927891156462585
Q90,EXACT_PAIR,lon_db_23_6_ID_4.csv,1.743944685367989,1126,1157,0.9732065687121867
Q90,EXACT_PAIR,lon_db_23_6_ID_5.csv,1.743944685367989,1314,1365,0.9626373626373627
Q90,EXACT_PAIR,lon_db_23_6_ID_6.csv,1.743944685367989,1157,1182,0.9788494077834179
Q95_PRIMARY,OVERALL,ALL,2.4461378687033077,19591,20537,0.9539367970005356
Q95_PRIMARY,OBSERVED_CONFIGURATION,clean,2.4461378687033077,9824,10352,0.9489953632148377
Q95_PRIMARY,OBSERVED_CONFIGURATION,iced,2.4461378687033077,9767,10185,0.9589592538046147
Q95_PRIMARY,EXACT_PAIR,lat_121_01_15_ID_4.csv,2.4461378687033077,866,884,0.9796380090497737
Q95_PRIMARY,EXACT_PAIR,lat_121_01_15_ID_5.csv,2.4461378687033077,563,579,0.9723661485319517
Q95_PRIMARY,EXACT_PAIR,lat_121_01_15_ID_6.csv,2.4461378687033077,700,718,0.9749303621169917
Q95_PRIMARY,EXACT_PAIR,lat_121_05_8_ID_4.csv,2.4461378687033077,599,671,0.8926974664679582
Q95_PRIMARY,EXACT_PAIR,lat_121_05_8_ID_5.csv,2.4461378687033077,682,765,0.8915032679738563
Q95_PRIMARY,EXACT_PAIR,lat_121_05_8_ID_6.csv,2.4461378687033077,680,749,0.9078771695594126
Q95_PRIMARY,EXACT_PAIR,lat_db_01_15_ID_4.csv,2.4461378687033077,664,670,0.991044776119403
Q95_PRIMARY,EXACT_PAIR,lat_db_01_15_ID_5.csv,2.4461378687033077,618,634,0.9747634069400631
Q95_PRIMARY,EXACT_PAIR,lat_db_01_15_ID_6.csv,2.4461378687033077,838,854,0.9812646370023419
Q95_PRIMARY,EXACT_PAIR,lat_db_06_8_ID_4.csv,2.4461378687033077,752,791,0.9506953223767383
Q95_PRIMARY,EXACT_PAIR,lat_db_06_8_ID_5.csv,2.4461378687033077,605,666,0.9084084084084084
Q95_PRIMARY,EXACT_PAIR,lat_db_06_8_ID_6.csv,2.4461378687033077,593,667,0.889055472263868
Q95_PRIMARY,EXACT_PAIR,lat_db_30_5_ID_4.csv,2.4461378687033077,1091,1148,0.9503484320557491
Q95_PRIMARY,EXACT_PAIR,lat_db_30_5_ID_5.csv,2.4461378687033077,1179,1263,0.9334916864608076
Q95_PRIMARY,EXACT_PAIR,lon_3211_02_12_ID_4.csv,2.4461378687033077,564,625,0.9024
Q95_PRIMARY,EXACT_PAIR,lon_3211_02_12_ID_5.csv,2.4461378687033077,703,764,0.9201570680628273
Q95_PRIMARY,EXACT_PAIR,lon_3211_15_6_ID_4.csv,2.4461378687033077,1156,1186,0.9747048903878583
Q95_PRIMARY,EXACT_PAIR,lon_3211_15_6_ID_5.csv,2.4461378687033077,1197,1249,0.9583666933546837
Q95_PRIMARY,EXACT_PAIR,lon_db_03_12_ID_4.csv,2.4461378687033077,557,593,0.93929173693086
Q95_PRIMARY,EXACT_PAIR,lon_db_03_12_ID_5.csv,2.4461378687033077,589,622,0.9469453376205788
Q95_PRIMARY,EXACT_PAIR,lon_db_03_12_ID_6.csv,2.4461378687033077,696,735,0.9469387755102041
Q95_PRIMARY,EXACT_PAIR,lon_db_23_6_ID_4.csv,2.4461378687033077,1156,1157,0.9991356957649092
Q95_PRIMARY,EXACT_PAIR,lon_db_23_6_ID_5.csv,2.4461378687033077,1361,1365,0.9970695970695971
Q95_PRIMARY,EXACT_PAIR,lon_db_23_6_ID_6.csv,2.4461378687033077,1182,1182,1.0
Q99,OVERALL,ALL,4.228719709886236,20364,20537,0.991576179578322
Q99,OBSERVED_CONFIGURATION,clean,4.228719709886236,10231,10352,0.9883114374034003
Q99,OBSERVED_CONFIGURATION,iced,4.228719709886236,10133,10185,0.9948944526264114
Q99,EXACT_PAIR,lat_121_01_15_ID_4.csv,4.228719709886236,883,884,0.998868778280543
Q99,EXACT_PAIR,lat_121_01_15_ID_5.csv,4.228719709886236,576,579,0.9948186528497409
Q99,EXACT_PAIR,lat_121_01_15_ID_6.csv,4.228719709886236,716,718,0.9972144846796658
Q99,EXACT_PAIR,lat_121_05_8_ID_4.csv,4.228719709886236,663,671,0.9880774962742176
Q99,EXACT_PAIR,lat_121_05_8_ID_5.csv,4.228719709886236,759,765,0.9921568627450981
Q99,EXACT_PAIR,lat_121_05_8_ID_6.csv,4.228719709886236,749,749,1.0
Q99,EXACT_PAIR,lat_db_01_15_ID_4.csv,4.228719709886236,670,670,1.0
Q99,EXACT_PAIR,lat_db_01_15_ID_5.csv,4.228719709886236,634,634,1.0
Q99,EXACT_PAIR,lat_db_01_15_ID_6.csv,4.228719709886236,854,854,1.0
Q99,EXACT_PAIR,lat_db_06_8_ID_4.csv,4.228719709886236,791,791,1.0
Q99,EXACT_PAIR,lat_db_06_8_ID_5.csv,4.228719709886236,666,666,1.0
Q99,EXACT_PAIR,lat_db_06_8_ID_6.csv,4.228719709886236,662,667,0.992503748125937
Q99,EXACT_PAIR,lat_db_30_5_ID_4.csv,4.228719709886236,1132,1148,0.9860627177700348
Q99,EXACT_PAIR,lat_db_30_5_ID_5.csv,4.228719709886236,1230,1263,0.9738717339667459
Q99,EXACT_PAIR,lon_3211_02_12_ID_4.csv,4.228719709886236,591,625,0.9456
Q99,EXACT_PAIR,lon_3211_02_12_ID_5.csv,4.228719709886236,738,764,0.9659685863874345
Q99,EXACT_PAIR,lon_3211_15_6_ID_4.csv,4.228719709886236,1181,1186,0.9957841483979764
Q99,EXACT_PAIR,lon_3211_15_6_ID_5.csv,4.228719709886236,1240,1249,0.9927942353883107
Q99,EXACT_PAIR,lon_db_03_12_ID_4.csv,4.228719709886236,586,593,0.9881956155143339
Q99,EXACT_PAIR,lon_db_03_12_ID_5.csv,4.228719709886236,614,622,0.9871382636655949
Q99,EXACT_PAIR,lon_db_03_12_ID_6.csv,4.228719709886236,725,735,0.9863945578231292
Q99,EXACT_PAIR,lon_db_23_6_ID_4.csv,4.228719709886236,1157,1157,1.0
Q99,EXACT_PAIR,lon_db_23_6_ID_5.csv,4.228719709886236,1365,1365,1.0
Q99,EXACT_PAIR,lon_db_23_6_ID_6.csv,4.228719709886236,1182,1182,1.0
