family,outer_hold_id,config_id,inner_fold,inner_score,train_groups,validation_groups,train_rows,validation_rows
OLS,1,OLS_FIXED,1,0.7713922061592737,10,8,9306,6609
OLS,1,OLS_FIXED,2,0.7947830609845012,12,6,9500,6415
OLS,1,OLS_FIXED,3,0.711506275623928,14,4,13024,2891
OLS,2,OLS_FIXED,1,0.7503825696057046,10,8,8862,6225
OLS,2,OLS_FIXED,2,0.7628676677645718,12,6,8725,6362
OLS,2,OLS_FIXED,3,0.6856209369953561,14,4,12587,2500
OLS,3,OLS_FIXED,1,0.7925157930764287,10,8,9350,6068
OLS,3,OLS_FIXED,2,0.8125763039551699,12,6,9013,6405
OLS,3,OLS_FIXED,3,0.6786388448136242,14,4,12473,2945
RIDGE,1,RIDGE_A_0p0001,1,0.7713922048951422,10,8,9306,6609
RIDGE,1,RIDGE_A_0p0001,2,0.794783059684468,12,6,9500,6415
RIDGE,1,RIDGE_A_0p0001,3,0.7115062750078803,14,4,13024,2891
RIDGE,1,RIDGE_A_0p001,1,0.7713921935179616,10,8,9306,6609
RIDGE,1,RIDGE_A_0p001,2,0.7947830479841764,12,6,9500,6415
RIDGE,1,RIDGE_A_0p001,3,0.7115062694634532,14,4,13024,2891
RIDGE,1,RIDGE_A_0p01,1,0.7713920797466649,10,8,9306,6609
RIDGE,1,RIDGE_A_0p01,2,0.7947829309818257,12,6,9500,6415
RIDGE,1,RIDGE_A_0p01,3,0.7115062140194178,14,4,13024,2891
RIDGE,1,RIDGE_A_0p1,1,0.7713909420846677,10,8,9306,6609
RIDGE,1,RIDGE_A_0p1,2,0.7947817610147572,12,6,9500,6415
RIDGE,1,RIDGE_A_0p1,3,0.7115056596028543,14,4,13024,2891
RIDGE,1,RIDGE_A_1,1,0.7713795705601504,10,8,9306,6609
RIDGE,1,RIDGE_A_1,2,0.7947700669861608,12,6,9500,6415
RIDGE,1,RIDGE_A_1,3,0.7115001178151986,14,4,13024,2891
RIDGE,1,RIDGE_A_10,1,0.7712663634226837,10,8,9306,6609
RIDGE,1,RIDGE_A_10,2,0.7946536892157269,12,6,9500,6415
RIDGE,1,RIDGE_A_10,3,0.7114449371549382,14,4,13024,2891
RIDGE,1,RIDGE_A_100,1,0.7701837071264862,10,8,9306,6609
RIDGE,1,RIDGE_A_100,2,0.793544519221209,12,6,9500,6415
RIDGE,1,RIDGE_A_100,3,0.710916284856662,14,4,13024,2891
RIDGE,2,RIDGE_A_0p0001,1,0.7503825681004992,10,8,8862,6225
RIDGE,2,RIDGE_A_0p0001,2,0.7628676667555674,12,6,8725,6362
RIDGE,2,RIDGE_A_0p0001,3,0.6856209365861877,14,4,12587,2500
RIDGE,2,RIDGE_A_0p001,1,0.7503825545536568,10,8,8862,6225
RIDGE,2,RIDGE_A_0p001,2,0.7628676576745342,12,6,8725,6362
RIDGE,2,RIDGE_A_0p001,3,0.6856209329036744,14,4,12587,2500
RIDGE,2,RIDGE_A_0p01,1,0.7503824190859415,10,8,8862,6225
RIDGE,2,RIDGE_A_0p01,2,0.7628675668648816,12,6,8725,6362
RIDGE,2,RIDGE_A_0p01,3,0.6856208960788132,14,4,12587,2500
RIDGE,2,RIDGE_A_0p1,1,0.7503810644797193,10,8,8862,6225
RIDGE,2,RIDGE_A_0p1,2,0.7628666588359575,12,6,8725,6362
RIDGE,2,RIDGE_A_0p1,3,0.6856205278573034,14,4,12587,2500
RIDGE,2,RIDGE_A_1,1,0.7503675255081808,10,8,8862,6225
RIDGE,2,RIDGE_A_1,2,0.7628575853048292,12,6,8725,6362
RIDGE,2,RIDGE_A_1,3,0.6856168483516356,14,4,12587,2500
RIDGE,2,RIDGE_A_10,1,0.7502328425467008,10,8,8862,6225
RIDGE,2,RIDGE_A_10,2,0.7627675234231324,12,6,8725,6362
RIDGE,2,RIDGE_A_10,3,0.6855803234702025,14,4,12587,2500
RIDGE,2,RIDGE_A_100,1,0.7489544488827669,10,8,8862,6225
RIDGE,2,RIDGE_A_100,2,0.7619319438516574,12,6,8725,6362
RIDGE,2,RIDGE_A_100,3,0.6852413453459545,14,4,12587,2500
RIDGE,3,RIDGE_A_0p0001,1,0.7925157917248183,10,8,9350,6068
RIDGE,3,RIDGE_A_0p0001,2,0.8125763026602102,12,6,9013,6405
RIDGE,3,RIDGE_A_0p0001,3,0.6786388441981469,14,4,12473,2945
RIDGE,3,RIDGE_A_0p001,1,0.7925157795603305,10,8,9350,6068
RIDGE,3,RIDGE_A_0p001,2,0.8125762910055815,12,6,9013,6405
RIDGE,3,RIDGE_A_0p001,3,0.6786388386588523,14,4,12473,2945
RIDGE,3,RIDGE_A_0p01,1,0.7925156579159857,10,8,9350,6068
RIDGE,3,RIDGE_A_0p01,2,0.8125761744599693,12,6,9013,6405
RIDGE,3,RIDGE_A_0p01,3,0.6786387832661465,14,4,12473,2945
RIDGE,3,RIDGE_A_0p1,1,0.7925144415256272,10,8,9350,6068
RIDGE,3,RIDGE_A_0p1,2,0.8125750090710322,12,6,9013,6405
RIDGE,3,RIDGE_A_0p1,3,0.6786382293631661,14,4,12473,2945
RIDGE,3,RIDGE_A_1,1,0.7925022829297186,10,8,9350,6068
RIDGE,3,RIDGE_A_1,2,0.8125633618980627,12,6,9013,6405
RIDGE,3,RIDGE_A_1,3,0.6786326927405373,14,4,12473,2945
RIDGE,3,RIDGE_A_10,1,0.7923812263025595,10,8,9350,6068
RIDGE,3,RIDGE_A_10,2,0.8124475594800193,12,6,9013,6405
RIDGE,3,RIDGE_A_10,3,0.6785775666381446,14,4,12473,2945
RIDGE,3,RIDGE_A_100,1,0.791222196920709,10,8,9350,6068
RIDGE,3,RIDGE_A_100,2,0.8113542149457513,12,6,9013,6405
RIDGE,3,RIDGE_A_100,3,0.678049739795792,14,4,12473,2945
POLY2_RIDGE,1,POLY2_A_0p0001,1,0.7956552812206649,10,8,9306,6609
POLY2_RIDGE,1,POLY2_A_0p0001,2,0.9124870590173865,12,6,9500,6415
POLY2_RIDGE,1,POLY2_A_0p0001,3,0.6603390277740671,14,4,13024,2891
POLY2_RIDGE,1,POLY2_A_0p001,1,0.7956511138379336,10,8,9306,6609
POLY2_RIDGE,1,POLY2_A_0p001,2,0.9124801123859351,12,6,9500,6415
POLY2_RIDGE,1,POLY2_A_0p001,3,0.6603396334951955,14,4,13024,2891
POLY2_RIDGE,1,POLY2_A_0p01,1,0.7956097061431592,10,8,9306,6609
POLY2_RIDGE,1,POLY2_A_0p01,2,0.9124108502049442,12,6,9500,6415
POLY2_RIDGE,1,POLY2_A_0p01,3,0.6603457046391282,14,4,13024,2891
POLY2_RIDGE,1,POLY2_A_0p1,1,0.795220967819617,10,8,9306,6609
POLY2_RIDGE,1,POLY2_A_0p1,2,0.9117380911692954,12,6,9500,6415
POLY2_RIDGE,1,POLY2_A_0p1,3,0.6604077532483738,14,4,13024,2891
POLY2_RIDGE,1,POLY2_A_1,1,0.7929950502316429,10,8,9306,6609
POLY2_RIDGE,1,POLY2_A_1,2,0.9065650907525329,12,6,9500,6415
POLY2_RIDGE,1,POLY2_A_1,3,0.6611188555513517,14,4,13024,2891
POLY2_RIDGE,1,POLY2_A_10,1,0.7923366437503586,10,8,9306,6609
POLY2_RIDGE,1,POLY2_A_10,2,0.8948032560646543,12,6,9500,6415
POLY2_RIDGE,1,POLY2_A_10,3,0.6675453843059426,14,4,13024,2891
POLY2_RIDGE,1,POLY2_A_100,1,0.7888518269706793,10,8,9306,6609
POLY2_RIDGE,1,POLY2_A_100,2,0.884321494939702,12,6,9500,6415
POLY2_RIDGE,1,POLY2_A_100,3,0.6759923605909023,14,4,13024,2891
POLY2_RIDGE,2,POLY2_A_0p0001,1,0.7656514348959894,10,8,8862,6225
POLY2_RIDGE,2,POLY2_A_0p0001,2,0.8454948880855668,12,6,8725,6362
POLY2_RIDGE,2,POLY2_A_0p0001,3,0.6534698887702047,14,4,12587,2500
POLY2_RIDGE,2,POLY2_A_0p001,1,0.7656471323383901,10,8,8862,6225
POLY2_RIDGE,2,POLY2_A_0p001,2,0.8454896871598743,12,6,8725,6362
POLY2_RIDGE,2,POLY2_A_0p001,3,0.6534699595856129,14,4,12587,2500
POLY2_RIDGE,2,POLY2_A_0p01,1,0.7656044524781844,10,8,8862,6225
POLY2_RIDGE,2,POLY2_A_0p01,2,0.8454378309906319,12,6,8725,6362
POLY2_RIDGE,2,POLY2_A_0p01,3,0.6534706858788142,14,4,12587,2500
POLY2_RIDGE,2,POLY2_A_0p1,1,0.7652103885876794,10,8,8862,6225
POLY2_RIDGE,2,POLY2_A_0p1,2,0.8449341569246439,12,6,8725,6362
POLY2_RIDGE,2,POLY2_A_0p1,3,0.6534797149367687,14,4,12587,2500
POLY2_RIDGE,2,POLY2_A_1,1,0.7633285267668638,10,8,8862,6225
POLY2_RIDGE,2,POLY2_A_1,2,0.841057744511867,12,6,8725,6362
POLY2_RIDGE,2,POLY2_A_1,3,0.6537073202215247,14,4,12587,2500
POLY2_RIDGE,2,POLY2_A_10,1,0.7660569046203282,10,8,8862,6225
POLY2_RIDGE,2,POLY2_A_10,2,0.8317960530235005,12,6,8725,6362
POLY2_RIDGE,2,POLY2_A_10,3,0.6580028272537929,14,4,12587,2500
POLY2_RIDGE,2,POLY2_A_100,1,0.765174635691606,10,8,8862,6225
POLY2_RIDGE,2,POLY2_A_100,2,0.8206209711197888,12,6,8725,6362
POLY2_RIDGE,2,POLY2_A_100,3,0.6644849032242092,14,4,12587,2500
POLY2_RIDGE,3,POLY2_A_0p0001,1,0.7880608906457844,10,8,9350,6068
POLY2_RIDGE,3,POLY2_A_0p0001,2,0.8629957271930496,12,6,9013,6405
POLY2_RIDGE,3,POLY2_A_0p0001,3,0.6409613887027912,14,4,12473,2945
POLY2_RIDGE,3,POLY2_A_0p001,1,0.7880571965088737,10,8,9350,6068
POLY2_RIDGE,3,POLY2_A_0p001,2,0.8629934183894704,12,6,9013,6405
POLY2_RIDGE,3,POLY2_A_0p001,3,0.6409620718776016,14,4,12473,2945
POLY2_RIDGE,3,POLY2_A_0p01,1,0.7880205468600495,10,8,9350,6068
POLY2_RIDGE,3,POLY2_A_0p01,2,0.8629704199847158,12,6,9013,6405
POLY2_RIDGE,3,POLY2_A_0p01,3,0.6409689073016722,14,4,12473,2945
POLY2_RIDGE,3,POLY2_A_0p1,1,0.787681741025664,10,8,9350,6068
POLY2_RIDGE,3,POLY2_A_0p1,2,0.8627491270908171,12,6,9013,6405
POLY2_RIDGE,3,POLY2_A_0p1,3,0.6410376104321007,14,4,12473,2945
POLY2_RIDGE,3,POLY2_A_1,1,0.7860694964252923,10,8,9350,6068
POLY2_RIDGE,3,POLY2_A_1,2,0.8611954559000983,12,6,9013,6405
POLY2_RIDGE,3,POLY2_A_1,3,0.6417444935328677,14,4,12473,2945
POLY2_RIDGE,3,POLY2_A_10,1,0.7898490163600812,10,8,9350,6068
POLY2_RIDGE,3,POLY2_A_10,2,0.8597019979506805,12,6,9013,6405
POLY2_RIDGE,3,POLY2_A_10,3,0.6471881407250694,14,4,12473,2945
POLY2_RIDGE,3,POLY2_A_100,1,0.792261616866638,10,8,9350,6068
POLY2_RIDGE,3,POLY2_A_100,2,0.854124549077055,12,6,9013,6405
POLY2_RIDGE,3,POLY2_A_100,3,0.6531015162573993,14,4,12473,2945
EXTRA_TREES,1,ET_FULL_LEAF1,1,0.6921244784570678,10,8,9306,6609
EXTRA_TREES,1,ET_FULL_LEAF1,2,0.7059765308710898,12,6,9500,6415
EXTRA_TREES,1,ET_FULL_LEAF1,3,0.6022714175029035,14,4,13024,2891
EXTRA_TREES,1,ET_FULL_LEAF4,1,0.6915664196490052,10,8,9306,6609
EXTRA_TREES,1,ET_FULL_LEAF4,2,0.7019575995464955,12,6,9500,6415
EXTRA_TREES,1,ET_FULL_LEAF4,3,0.6134092295302859,14,4,13024,2891
EXTRA_TREES,1,ET_D18_LEAF1,1,0.7044297801330931,10,8,9306,6609
EXTRA_TREES,1,ET_D18_LEAF1,2,0.7118638258102777,12,6,9500,6415
EXTRA_TREES,1,ET_D18_LEAF1,3,0.609210277519422,14,4,13024,2891
EXTRA_TREES,1,ET_D18_LEAF4,1,0.7015007378249133,10,8,9306,6609
EXTRA_TREES,1,ET_D18_LEAF4,2,0.7061871199973869,12,6,9500,6415
EXTRA_TREES,1,ET_D18_LEAF4,3,0.6217644245392773,14,4,13024,2891
EXTRA_TREES,2,ET_FULL_LEAF1,1,0.6788172263554509,10,8,8862,6225
EXTRA_TREES,2,ET_FULL_LEAF1,2,0.7061899698366872,12,6,8725,6362
EXTRA_TREES,2,ET_FULL_LEAF1,3,0.5917022468024058,14,4,12587,2500
EXTRA_TREES,2,ET_FULL_LEAF4,1,0.6812889545640172,10,8,8862,6225
EXTRA_TREES,2,ET_FULL_LEAF4,2,0.7026439311659787,12,6,8725,6362
EXTRA_TREES,2,ET_FULL_LEAF4,3,0.6006491328126967,14,4,12587,2500
EXTRA_TREES,2,ET_D18_LEAF1,1,0.6899472275296858,10,8,8862,6225
EXTRA_TREES,2,ET_D18_LEAF1,2,0.7083499122340577,12,6,8725,6362
EXTRA_TREES,2,ET_D18_LEAF1,3,0.5969293981244772,14,4,12587,2500
EXTRA_TREES,2,ET_D18_LEAF4,1,0.69219517855926,10,8,8862,6225
EXTRA_TREES,2,ET_D18_LEAF4,2,0.7050515474003519,12,6,8725,6362
EXTRA_TREES,2,ET_D18_LEAF4,3,0.6091525577163209,14,4,12587,2500
EXTRA_TREES,3,ET_FULL_LEAF1,1,0.7205139695464431,10,8,9350,6068
EXTRA_TREES,3,ET_FULL_LEAF1,2,0.7109229064541873,12,6,9013,6405
EXTRA_TREES,3,ET_FULL_LEAF1,3,0.5724084859225745,14,4,12473,2945
EXTRA_TREES,3,ET_FULL_LEAF4,1,0.7237068370360354,10,8,9350,6068
EXTRA_TREES,3,ET_FULL_LEAF4,2,0.7104586717886323,12,6,9013,6405
EXTRA_TREES,3,ET_FULL_LEAF4,3,0.5824078850862935,14,4,12473,2945
EXTRA_TREES,3,ET_D18_LEAF1,1,0.7289402491040352,10,8,9350,6068
EXTRA_TREES,3,ET_D18_LEAF1,2,0.7130115796060948,12,6,9013,6405
EXTRA_TREES,3,ET_D18_LEAF1,3,0.5771908008196603,14,4,12473,2945
EXTRA_TREES,3,ET_D18_LEAF4,1,0.7327950825108264,10,8,9350,6068
EXTRA_TREES,3,ET_D18_LEAF4,2,0.7171762724105647,12,6,9013,6405
EXTRA_TREES,3,ET_D18_LEAF4,3,0.5873589680055882,14,4,12473,2945
