"source_relative_path","repository_path","size_bytes","sha256"
"_P2_ML\P2_A7B_FROZEN_INTERPRETABILITY_UNCERTAINTY_EXECUTION_20260919_204208\_p2_a7b_interpretability_uncertainty_execution.py","code/analysis_provenance/p2_a7b_interpretability_uncertainty_execution__FD2BBF2C1C26.py","22340","FD2BBF2C1C26548E5F38A1F32FEA49AF0AB0B46978E574021119F28041750289"
"_P2_ML\P2_A6B_FROZEN_COUNTERFACTUAL_PHYSICS_EXECUTION_20260919_201033\_p2_a6b_counterfactual_physics_execution.py","code/analysis_provenance/p2_a6b_counterfactual_physics_execution__3F0AD453DEC3.py","16828","3F0AD453DEC3817F47FD2A0C3E46FD61E1A187E686578F81016C5D41F38D927D"
"_P2_ML\P2_A6A_COUNTERFACTUAL_PHYSICS_PREANALYSIS_FREEZE_20260919_195714\_p2_a6a_development_support_calibration.py","code/analysis_provenance/p2_a6a_development_support_calibration__ACCD02184461.py","5541","ACCD021844618D72EFDE29250E30A2432EC6EF874751B876F1FC7C086B64E1E7"
"_P2_ML\P2_A5B_R1_RESUME_SAFE_LOCKED_EXTERNAL_VALIDATION_20260919_191740\_p2_a5b_r1_locked_external_eval.py","code/analysis_provenance/p2_a5b_r1_locked_external_eval__B4BE92785361.py","11502","B4BE92785361A5EE3BE58EEFB2EA4B5F420C8D87BA2B77315187A6AC429267EC"
"_P2_ML\P2_A5B_R1_RESUME_SAFE_LOCKED_EXTERNAL_VALIDATION_20260919_191740\_p1_a1_independent_reconstruction_P2_A5B_R1_SELECTION_ONLY.py","code/analysis_provenance/p1_a1_independent_reconstruction_P2_A5B_R1_SELECTION_ONLY__2C74674F461F.py","21222","2C74674F461FC40D0578C305900BAFBBD4618BA7FE96B1E94519008E4D1320D2"
"_P2_ML\P2_A4E_FINAL_EXTRATREES_MODEL_FREEZE_20260919_174019\_p2_a4e_roundtrip_verify.py","code/analysis_provenance/p2_a4e_roundtrip_verify__666D2E2CAA12.py","901","666D2E2CAA12320EFC0833A9E931B227A0A191C29E584725D140462445FA4A66"
"_P2_ML\P2_A4E_FINAL_EXTRATREES_MODEL_FREEZE_20260919_174019\_p2_a4e_final_extratrees_refit.py","code/analysis_provenance/p2_a4e_final_extratrees_refit__E5F20F9F95A9.py","6724","E5F20F9F95A94DCB1696C42865AC96DEED5E1B5162EF7624EE7CE53E77833C05"
"_P2_ML\P2_A4B_NEURAL_NESTED_DEVELOPMENT_EXECUTION_20260919_153819\_p2_a4b_neural_engine.py","code/analysis_provenance/p2_a4b_neural_engine__4EF6F4ADE5EF.py","22307","4EF6F4ADE5EF3CB0B90473C62C4BA44D17DE8634FA5238C94C806A16030E2CA0"
"_P2_ML\P2_A3_BASELINE_EXECUTION_20260919_144430\_p2_a3_baseline_engine.py","code/analysis_provenance/p2_a3_baseline_engine__CA9145152CB6.py","15384","CA9145152CB6FA7DB4EF3791A45F844EB3C1FF47C5E1E52CCA581362E8E34BD5"
"_P1_AUDIT\P1_A8D_LOCKED_VALIDATION_EMPIRICAL_BATTERY_POWER_20260919_122719\_p1_a8d_battery_power_validation.py","code/analysis_provenance/p1_a8d_battery_power_validation__C88E24ED1769.py","24478","C88E24ED1769F7EF7D0AB293B237E3700CB4CEB71B587F29C6ABC1E8CBEE8D98"
"_P1_AUDIT\P1_A8C_IDENTIFICATION_EMPIRICAL_BATTERY_POWER_20260919_121723\_p1_a8c_battery_power_identification.py","code/analysis_provenance/p1_a8c_battery_power_identification__FC7A9FE59A31.py","24376","FC7A9FE59A315346633F7395761D2858D134EC1808CE8D63D033029B61AAC86B"
"_P1_AUDIT\P1_A8A_MISSION_IDENTIFIABILITY_SCOPE_FREEZE_20260918_225016\_p1_a8a_metadata_identifiability_audit.py","code/analysis_provenance/p1_a8a_metadata_identifiability_audit__5F9BA28B6CA7.py","10004","5F9BA28B6CA73D3DD884EF0134D7CFD4CDC4B4C46C2B0AF27DFF8DAF0C1ECB0F"
"_P1_AUDIT\P1_A7C_LOCKED_REFERENCE_EFFICIENCY_VALIDATION_20260918_224241\_p1_a7c_locked_reference_efficiency_validation.py","code/analysis_provenance/p1_a7c_locked_reference_efficiency_validation__06284E9F9CE5.py","28487","06284E9F9CE52CA5B3EA51E37B45324A90E7691E681179D50F2A318B31AEA735"
"_P1_AUDIT\P1_A7B_IDENTIFICATION_ABSOLUTE_LIFT_EFFICIENCY_20260918_223752\_p1_a7b_absolute_lift_efficiency.py","code/analysis_provenance/p1_a7b_absolute_lift_efficiency__614A61DBF0E4.py","31375","614A61DBF0E4AC65753652C7AA6E813FD9BD16E0F142B1BE794F69C97D95EB09"
"_P1_AUDIT\P1_A5C_LOCKED_DRAG_VALIDATION_20260918_221001\_p1_a5c_locked_drag_validation.py","code/analysis_provenance/p1_a5c_locked_drag_validation__3BF797A2E8CA.py","18767","3BF797A2E8CA4E06F5A4C138E6AC44E86735FC44DBCA90BABBF4632F1C0C91C3"
"_P1_AUDIT\P1_A5B_IDENTIFICATION_DRAG_FIT_20260918_214143\_p1_a5b_drag_identification.py","code/analysis_provenance/p1_a5b_drag_identification__81FC561E2C6C.py","24283","81FC561E2C6CF9DFA6A7D4D1D6C03CEEADD9451639D2EF33C17F24A0C3099327"
"_P1_AUDIT\P1_A4C_LOCKED_VALIDATION_EXECUTION_20260918_205129\_p1_a4c_locked_validation.py","code/analysis_provenance/p1_a4c_locked_validation__86A1CDFD65F5.py","31708","86A1CDFD65F59A4D7C31435BD8820543B63553DF040DA6C245BF85F85F69D0F2"
"_P1_AUDIT\P1_A4A_R1_STABILITY_CONTROL_CONSEQUENCE_MAPPING_20260918_152111\_p1_a4a_consequence_mapping.py","code/analysis_provenance/p1_a4a_consequence_mapping__D185EEBE91BF.py","12249","D185EEBE91BF540E6F547E9F134CEFC908BE4292932642B00239036F19BA8B3A"
"_P1_AUDIT\P1_A4A_STABILITY_CONTROL_CONSEQUENCE_MAPPING_20260918_151757\_p1_a4a_consequence_mapping.py","code/analysis_provenance/p1_a4a_consequence_mapping__9B0F65F4F906.py","12237","9B0F65F4F906E7D2EA07339E9AFA37B0D342D9075F06566B1A21349ECD0A0AB2"
"_P1_AUDIT\P1_A3B2_MODEL_ADEQUACY_SENSITIVITY_20260918_151306\_p1_a3b2_sensitivity.py","code/analysis_provenance/p1_a3b2_sensitivity__D91886D97B4F.py","17670","D91886D97B4F8156FD873EEBABFF6450D4CC4E2A6EB7765201FF99167DF5B8D1"
"_P1_AUDIT\P1_A3B1_DERIVATIVE_ESTIMATION_20260918_150217\_p1_a3b1_derivatives.py","code/analysis_provenance/p1_a3b1_derivatives__5BDE131F5A00.py","17538","5BDE131F5A00013EEB3D2C2164FF5747810A53CF1A124F07161943D05124B48E"
"_P1_AUDIT\P1_A3B0_DERIVATIVE_IDENTIFIABILITY_20260918_145535\_p1_a3b0_identifiability.py","code/analysis_provenance/p1_a3b0_identifiability__A4637451709E.py","15285","A4637451709EEDEC8E86AC15A78A810BA70B74308E498701A3F577917CE70570"
"_P1_AUDIT\P1_A3A_MATCHED_STATE_OVERLAP_20260918_144516\_p1_a3a_match_state.py","code/analysis_provenance/p1_a3a_match_state__713E380C85AB.py","13230","713E380C85AB6AF16EE1310AC9B154C4D0B37393284E7AE8A1051F58F93D6568"
"_P1_AUDIT\P1_A3A_MATCHED_STATE_OVERLAP_20260918_144225\_p1_a3a_match_state.py","code/analysis_provenance/p1_a3a_match_state__713E380C85AB.py","13230","713E380C85AB6AF16EE1310AC9B154C4D0B37393284E7AE8A1051F58F93D6568"
"_P1_AUDIT\P1_A2_RECONSTRUCTION_ROBUSTNESS_20260918_142807\_p1_a2_robustness.py","code/analysis_provenance/p1_a2_robustness__2BE44E52190E.py","14403","2BE44E52190E390ABB6BBC62DA1536F4B408485DD97DC336B703FF5395E84EB6"
"_P1_AUDIT\P1_A1_INDEPENDENT_FORCE_MOMENT_PILOT_20260918_142356\_p1_a1_independent_reconstruction.py","code/analysis_provenance/p1_a1_independent_reconstruction__71ECE4A7F183.py","20769","71ECE4A7F1839149D60A6EC5D0B6191AE2CAF1107C405E7E693AB0BF37C7FC9B"
"_P2_ML\P2_A1B_R4_PROSPECTIVE_REMATERIALIZATION_CONTRACT_20260919_135220\FROZEN_PRODUCER__p1_a1_independent_reconstruction.py","code/analysis_provenance/FROZEN_PRODUCER_p1_a1_independent_reconstruction__71ECE4A7F183.py","20769","71ECE4A7F1839149D60A6EC5D0B6191AE2CAF1107C405E7E693AB0BF37C7FC9B"
"_P1_AUDIT\P1_A0R3_PROPULSION_SEMANTIC_ADJUDICATION_20260918_141904\_p1_a0r3_propulsion_semantic_audit.py","code/analysis_provenance/p1_a0r3_propulsion_semantic_audit__184EF17E19DF.py","7083","184EF17E19DFE10E6698A8C4CEB68513A096EF0BC3637CC8E0C38EF467C72E7A"
"_P1_AUDIT\P1_A0R1_6DOF_METHOD_CONTRACT_20260918_140627\_p1_a0_semantic_audit.py","code/analysis_provenance/p1_a0_semantic_audit__10AFCB726A0F.py","12439","10AFCB726A0F7CFD65AD7C1BDE56109A8EF7C2E5A4BCC675B45FE2D028E5ADBE"
"_P0_AUDIT\P0_A5R4_COMPONENT_SEMANTIC_EVIDENCE_20260918_135049\_p0_a5r4_semantic_geometry.py","code/analysis_provenance/p0_a5r4_semantic_geometry__74CBCB8D1658.py","9468","74CBCB8D165860ED0AB61924731B8AACC9715DE7855E44254BF7F0AA5B0BB479"
"_P0_AUDIT\P0_A5R1_COMPONENT_ADJUDICATION_20260918_125909\_p0_a5r1_component_audit.py","code/analysis_provenance/p0_a5r1_component_audit__53B94057176E.py","10395","53B94057176E2EC2B770E8893D7812E3226F034DF44D03E24A47904F674E1189"
"_P0_AUDIT\P0_A5_STL_GEOMETRY_AUDIT_20260918_125139\_p0_a5_stl_audit.py","code/analysis_provenance/p0_a5_stl_audit__66B54ECE651C.py","9787","66B54ECE651CA35ABC07C6EBFE90ADE2ED1333B21BFA5636C7131D1BB737BAD5"
